train,JumpingJack,v_JumpingJack_g16_c03,66
train,JumpingJack,v_JumpingJack_g20_c01,120
train,JumpingJack,v_JumpingJack_g21_c04,128
train,JumpingJack,v_JumpingJack_g16_c02,69
train,JumpingJack,v_JumpingJack_g20_c02,114
train,JumpingJack,v_JumpingJack_g17_c04,94
train,JumpingJack,v_JumpingJack_g20_c03,140
train,JumpingJack,v_JumpingJack_g16_c01,78
train,JumpingJack,v_JumpingJack_g21_c02,93
train,JumpingJack,v_JumpingJack_g17_c01,93
train,JumpingJack,v_JumpingJack_g21_c03,93
train,JumpingJack,v_JumpingJack_g16_c04,65
train,JumpingJack,v_JumpingJack_g20_c04,95
train,JumpingJack,v_JumpingJack_g21_c01,93
train,JumpingJack,v_JumpingJack_g17_c03,101
train,JumpingJack,v_JumpingJack_g17_c02,94
train,JumpingJack,v_JumpingJack_g23_c02,85
train,JumpingJack,v_JumpingJack_g23_c03,87
train,JumpingJack,v_JumpingJack_g15_c01,82
train,JumpingJack,v_JumpingJack_g14_c04,60
train,JumpingJack,v_JumpingJack_g22_c04,57
train,JumpingJack,v_JumpingJack_g15_c03,82
train,JumpingJack,v_JumpingJack_g23_c01,85
train,JumpingJack,v_JumpingJack_g15_c02,70
train,JumpingJack,v_JumpingJack_g22_c01,89
train,JumpingJack,v_JumpingJack_g14_c03,58
train,JumpingJack,v_JumpingJack_g23_c04,85
train,JumpingJack,v_JumpingJack_g14_c02,60
train,JumpingJack,v_JumpingJack_g22_c02,60
train,JumpingJack,v_JumpingJack_g15_c04,82
train,JumpingJack,v_JumpingJack_g14_c01,96
train,JumpingJack,v_JumpingJack_g22_c03,84
train,JumpingJack,v_JumpingJack_g10_c04,63
train,JumpingJack,v_JumpingJack_g11_c01,79
train,JumpingJack,v_JumpingJack_g09_c07,92
train,JumpingJack,v_JumpingJack_g19_c07,84
train,JumpingJack,v_JumpingJack_g18_c02,70
train,JumpingJack,v_JumpingJack_g08_c02,83
train,JumpingJack,v_JumpingJack_g08_c03,81
train,JumpingJack,v_JumpingJack_g18_c03,94
train,JumpingJack,v_JumpingJack_g19_c06,78
train,JumpingJack,v_JumpingJack_g09_c06,90
train,JumpingJack,v_JumpingJack_g10_c05,64
train,JumpingJack,v_JumpingJack_g11_c02,80
train,JumpingJack,v_JumpingJack_g19_c04,77
train,JumpingJack,v_JumpingJack_g09_c04,89
train,JumpingJack,v_JumpingJack_g08_c01,80
train,JumpingJack,v_JumpingJack_g18_c01,92
train,JumpingJack,v_JumpingJack_g09_c05,90
train,JumpingJack,v_JumpingJack_g19_c05,79
train,JumpingJack,v_JumpingJack_g11_c03,82
train,JumpingJack,v_JumpingJack_g10_c06,66
train,JumpingJack,v_JumpingJack_g10_c02,68
train,JumpingJack,v_JumpingJack_g19_c01,83
train,JumpingJack,v_JumpingJack_g09_c01,93
train,JumpingJack,v_JumpingJack_g08_c04,80
train,JumpingJack,v_JumpingJack_g18_c04,97
train,JumpingJack,v_JumpingJack_g10_c03,66
train,JumpingJack,v_JumpingJack_g10_c01,69
train,JumpingJack,v_JumpingJack_g11_c04,81
train,JumpingJack,v_JumpingJack_g09_c02,92
train,JumpingJack,v_JumpingJack_g19_c02,82
train,JumpingJack,v_JumpingJack_g19_c03,84
train,JumpingJack,v_JumpingJack_g09_c03,89
train,JumpingJack,v_JumpingJack_g12_c02,96
train,JumpingJack,v_JumpingJack_g13_c07,103
train,JumpingJack,v_JumpingJack_g25_c05,86
train,JumpingJack,v_JumpingJack_g25_c04,88
train,JumpingJack,v_JumpingJack_g13_c06,80
train,JumpingJack,v_JumpingJack_g24_c01,92
train,JumpingJack,v_JumpingJack_g12_c03,96
train,JumpingJack,v_JumpingJack_g12_c01,95
train,JumpingJack,v_JumpingJack_g24_c03,93
train,JumpingJack,v_JumpingJack_g13_c04,92
train,JumpingJack,v_JumpingJack_g25_c06,87
train,JumpingJack,v_JumpingJack_g25_c07,88
train,JumpingJack,v_JumpingJack_g13_c05,97
train,JumpingJack,v_JumpingJack_g24_c02,91
train,JumpingJack,v_JumpingJack_g12_c04,96
train,JumpingJack,v_JumpingJack_g25_c03,87
train,JumpingJack,v_JumpingJack_g13_c01,101
train,JumpingJack,v_JumpingJack_g25_c02,88
train,JumpingJack,v_JumpingJack_g13_c02,110
train,JumpingJack,v_JumpingJack_g13_c03,98
train,JumpingJack,v_JumpingJack_g25_c01,86
train,JumpingJack,v_JumpingJack_g24_c04,88
train,PullUps,v_PullUps_g20_c01,152
train,PullUps,v_PullUps_g16_c03,142
train,PullUps,v_PullUps_g21_c04,193
train,PullUps,v_PullUps_g16_c02,134
train,PullUps,v_PullUps_g20_c02,217
train,PullUps,v_PullUps_g17_c04,226
train,PullUps,v_PullUps_g16_c01,132
train,PullUps,v_PullUps_g20_c03,197
train,PullUps,v_PullUps_g21_c02,177
train,PullUps,v_PullUps_g21_c03,183
train,PullUps,v_PullUps_g17_c01,164
train,PullUps,v_PullUps_g16_c04,144
train,PullUps,v_PullUps_g20_c04,189
train,PullUps,v_PullUps_g17_c03,202
train,PullUps,v_PullUps_g21_c01,165
train,PullUps,v_PullUps_g17_c02,186
train,PullUps,v_PullUps_g23_c02,190
train,PullUps,v_PullUps_g15_c01,165
train,PullUps,v_PullUps_g23_c03,188
train,PullUps,v_PullUps_g14_c04,86
train,PullUps,v_PullUps_g22_c04,144
train,PullUps,v_PullUps_g23_c01,178
train,PullUps,v_PullUps_g15_c03,207
train,PullUps,v_PullUps_g15_c02,197
train,PullUps,v_PullUps_g14_c03,86
train,PullUps,v_PullUps_g22_c01,106
train,PullUps,v_PullUps_g23_c04,194
train,PullUps,v_PullUps_g14_c02,81
train,PullUps,v_PullUps_g22_c02,105
train,PullUps,v_PullUps_g15_c04,192
train,PullUps,v_PullUps_g22_c03,106
train,PullUps,v_PullUps_g14_c01,79
train,PullUps,v_PullUps_g10_c04,102
train,PullUps,v_PullUps_g11_c01,95
train,PullUps,v_PullUps_g08_c02,103
train,PullUps,v_PullUps_g18_c02,164
train,PullUps,v_PullUps_g18_c03,161
train,PullUps,v_PullUps_g08_c03,104
train,PullUps,v_PullUps_g11_c02,114
train,PullUps,v_PullUps_g09_c04,99
train,PullUps,v_PullUps_g19_c04,104
train,PullUps,v_PullUps_g18_c01,155
train,PullUps,v_PullUps_g08_c01,96
train,PullUps,v_PullUps_g11_c03,91
train,PullUps,v_PullUps_g10_c02,173
train,PullUps,v_PullUps_g09_c01,107
train,PullUps,v_PullUps_g19_c01,111
train,PullUps,v_PullUps_g18_c04,163
train,PullUps,v_PullUps_g08_c04,106
train,PullUps,v_PullUps_g10_c03,199
train,PullUps,v_PullUps_g10_c01,142
train,PullUps,v_PullUps_g11_c04,100
train,PullUps,v_PullUps_g19_c02,102
train,PullUps,v_PullUps_g09_c02,101
train,PullUps,v_PullUps_g09_c03,105
train,PullUps,v_PullUps_g19_c03,108
train,PullUps,v_PullUps_g12_c02,73
train,PullUps,v_PullUps_g25_c04,79
train,PullUps,v_PullUps_g12_c03,69
train,PullUps,v_PullUps_g24_c01,154
train,PullUps,v_PullUps_g24_c03,181
train,PullUps,v_PullUps_g12_c01,82
train,PullUps,v_PullUps_g13_c04,81
train,PullUps,v_PullUps_g24_c02,192
train,PullUps,v_PullUps_g12_c04,79
train,PullUps,v_PullUps_g13_c01,93
train,PullUps,v_PullUps_g25_c03,67
train,PullUps,v_PullUps_g25_c02,110
train,PullUps,v_PullUps_g13_c02,82
train,PullUps,v_PullUps_g25_c01,92
train,PullUps,v_PullUps_g13_c03,78
train,PullUps,v_PullUps_g24_c04,198
train,Swing,v_Swing_g12_c01,126
train,Swing,v_Swing_g24_c03,126
train,Swing,v_Swing_g13_c04,160
train,Swing,v_Swing_g24_c02,151
train,Swing,v_Swing_g12_c02,126
train,Swing,v_Swing_g25_c04,318
train,Swing,v_Swing_g24_c01,126
train,Swing,v_Swing_g12_c03,126
train,Swing,v_Swing_g24_c05,151
train,Swing,v_Swing_g13_c02,160
train,Swing,v_Swing_g13_c03,160
train,Swing,v_Swing_g25_c01,318
train,Swing,v_Swing_g24_c04,126
train,Swing,v_Swing_g12_c04,126
train,Swing,v_Swing_g25_c03,318
train,Swing,v_Swing_g13_c01,160
train,Swing,v_Swing_g25_c02,318
train,Swing,v_Swing_g19_c04,160
train,Swing,v_Swing_g09_c04,126
train,Swing,v_Swing_g08_c01,160
train,Swing,v_Swing_g18_c01,335
train,Swing,v_Swing_g11_c02,126
train,Swing,v_Swing_g11_c03,126
train,Swing,v_Swing_g09_c05,151
train,Swing,v_Swing_g18_c02,335
train,Swing,v_Swing_g08_c02,160
train,Swing,v_Swing_g10_c04,231
train,Swing,v_Swing_g11_c01,126
train,Swing,v_Swing_g08_c03,160
train,Swing,v_Swing_g18_c03,335
train,Swing,v_Swing_g09_c06,140
train,Swing,v_Swing_g09_c02,126
train,Swing,v_Swing_g19_c02,276
train,Swing,v_Swing_g10_c01,251
train,Swing,v_Swing_g11_c04,126
train,Swing,v_Swing_g11_c05,151
train,Swing,v_Swing_g19_c03,276
train,Swing,v_Swing_g09_c03,126
train,Swing,v_Swing_g19_c01,276
train,Swing,v_Swing_g09_c01,126
train,Swing,v_Swing_g08_c04,160
train,Swing,v_Swing_g18_c04,248
train,Swing,v_Swing_g10_c02,251
train,Swing,v_Swing_g11_c06,251
train,Swing,v_Swing_g10_c03,251
train,Swing,v_Swing_g08_c05,169
train,Swing,v_Swing_g22_c04,101
train,Swing,v_Swing_g15_c03,88
train,Swing,v_Swing_g23_c01,126
train,Swing,v_Swing_g15_c02,88
train,Swing,v_Swing_g22_c05,157
train,Swing,v_Swing_g14_c05,151
train,Swing,v_Swing_g23_c02,126
train,Swing,v_Swing_g23_c03,126
train,Swing,v_Swing_g15_c01,88
train,Swing,v_Swing_g14_c04,151
train,Swing,v_Swing_g22_c02,201
train,Swing,v_Swing_g15_c05,201
train,Swing,v_Swing_g15_c04,88
train,Swing,v_Swing_g14_c01,113
train,Swing,v_Swing_g22_c03,191
train,Swing,v_Swing_g22_c01,151
train,Swing,v_Swing_g14_c03,151
train,Swing,v_Swing_g23_c04,126
train,Swing,v_Swing_g15_c06,201
train,Swing,v_Swing_g15_c07,201
train,Swing,v_Swing_g23_c05,151
train,Swing,v_Swing_g14_c02,151
train,Swing,v_Swing_g20_c02,151
train,Swing,v_Swing_g21_c06,201
train,Swing,v_Swing_g17_c04,160
train,Swing,v_Swing_g20_c03,88
train,Swing,v_Swing_g16_c01,126
train,Swing,v_Swing_g16_c03,109
train,Swing,v_Swing_g20_c01,151
train,Swing,v_Swing_g21_c04,151
train,Swing,v_Swing_g21_c05,201
train,Swing,v_Swing_g16_c02,126
train,Swing,v_Swing_g20_c04,88
train,Swing,v_Swing_g21_c01,168
train,Swing,v_Swing_g17_c03,160
train,Swing,v_Swing_g17_c02,168
train,Swing,v_Swing_g20_c05,151
train,Swing,v_Swing_g16_c05,151
train,Swing,v_Swing_g21_c02,168
train,Swing,v_Swing_g17_c01,160
train,Swing,v_Swing_g21_c03,168
train,Swing,v_Swing_g16_c04,109
train,Swing,v_Swing_g20_c06,151
train,WallPushups,v_WallPushups_g17_c02,130
train,WallPushups,v_WallPushups_g16_c07,230
train,WallPushups,v_WallPushups_g20_c05,101
train,WallPushups,v_WallPushups_g20_c04,101
train,WallPushups,v_WallPushups_g16_c06,177
train,WallPushups,v_WallPushups_g21_c01,72
train,WallPushups,v_WallPushups_g17_c03,113
train,WallPushups,v_WallPushups_g17_c01,125
train,WallPushups,v_WallPushups_g21_c03,150
train,WallPushups,v_WallPushups_g16_c04,159
train,WallPushups,v_WallPushups_g20_c06,89
train,WallPushups,v_WallPushups_g16_c05,139
train,WallPushups,v_WallPushups_g21_c02,81
train,WallPushups,v_WallPushups_g21_c06,112
train,WallPushups,v_WallPushups_g17_c04,115
train,WallPushups,v_WallPushups_g20_c03,106
train,WallPushups,v_WallPushups_g16_c01,181
train,WallPushups,v_WallPushups_g20_c02,110
train,WallPushups,v_WallPushups_g17_c05,116
train,WallPushups,v_WallPushups_g21_c07,54
train,WallPushups,v_WallPushups_g21_c05,133
train,WallPushups,v_WallPushups_g17_c07,93
train,WallPushups,v_WallPushups_g16_c02,153
train,WallPushups,v_WallPushups_g16_c03,150
train,WallPushups,v_WallPushups_g20_c01,93
train,WallPushups,v_WallPushups_g17_c06,125
train,WallPushups,v_WallPushups_g21_c04,140
train,WallPushups,v_WallPushups_g15_c04,54
train,WallPushups,v_WallPushups_g14_c01,105
train,WallPushups,v_WallPushups_g22_c03,80
train,WallPushups,v_WallPushups_g22_c02,93
train,WallPushups,v_WallPushups_g15_c05,114
train,WallPushups,v_WallPushups_g14_c02,137
train,WallPushups,v_WallPushups_g22_c01,75
train,WallPushups,v_WallPushups_g14_c03,120
train,WallPushups,v_WallPushups_g23_c04,61
train,WallPushups,v_WallPushups_g15_c02,62
train,WallPushups,v_WallPushups_g22_c04,70
train,WallPushups,v_WallPushups_g15_c03,61
train,WallPushups,v_WallPushups_g23_c01,143
train,WallPushups,v_WallPushups_g23_c03,70
train,WallPushups,v_WallPushups_g15_c01,70
train,WallPushups,v_WallPushups_g14_c04,130
train,WallPushups,v_WallPushups_g14_c05,115
train,WallPushups,v_WallPushups_g23_c02,114
train,WallPushups,v_WallPushups_g19_c03,80
train,WallPushups,v_WallPushups_g09_c03,113
train,WallPushups,v_WallPushups_g11_c05,120
train,WallPushups,v_WallPushups_g10_c01,93
train,WallPushups,v_WallPushups_g11_c04,125
train,WallPushups,v_WallPushups_g09_c02,88
train,WallPushups,v_WallPushups_g19_c02,86
train,WallPushups,v_WallPushups_g18_c05,110
train,WallPushups,v_WallPushups_g08_c05,131
train,WallPushups,v_WallPushups_g11_c06,118
train,WallPushups,v_WallPushups_g10_c03,72
train,WallPushups,v_WallPushups_g10_c02,70
train,WallPushups,v_WallPushups_g19_c01,88
train,WallPushups,v_WallPushups_g09_c01,76
train,WallPushups,v_WallPushups_g08_c04,122
train,WallPushups,v_WallPushups_g18_c04,121
train,WallPushups,v_WallPushups_g09_c05,126
train,WallPushups,v_WallPushups_g19_c05,73
train,WallPushups,v_WallPushups_g11_c03,140
train,WallPushups,v_WallPushups_g11_c02,162
train,WallPushups,v_WallPushups_g19_c04,86
train,WallPushups,v_WallPushups_g09_c04,105
train,WallPushups,v_WallPushups_g08_c01,141
train,WallPushups,v_WallPushups_g18_c01,114
train,WallPushups,v_WallPushups_g08_c03,153
train,WallPushups,v_WallPushups_g18_c03,105
train,WallPushups,v_WallPushups_g10_c05,64
train,WallPushups,v_WallPushups_g10_c04,80
train,WallPushups,v_WallPushups_g11_c01,154
train,WallPushups,v_WallPushups_g18_c02,125
train,WallPushups,v_WallPushups_g08_c02,151
train,WallPushups,v_WallPushups_g13_c03,95
train,WallPushups,v_WallPushups_g25_c01,111
train,WallPushups,v_WallPushups_g24_c04,176
train,WallPushups,v_WallPushups_g13_c02,125
train,WallPushups,v_WallPushups_g25_c02,154
train,WallPushups,v_WallPushups_g12_c05,106
train,WallPushups,v_WallPushups_g12_c04,120
train,WallPushups,v_WallPushups_g25_c03,150
train,WallPushups,v_WallPushups_g13_c01,108
train,WallPushups,v_WallPushups_g13_c05,159
train,WallPushups,v_WallPushups_g24_c02,106
train,WallPushups,v_WallPushups_g12_c01,101
train,WallPushups,v_WallPushups_g24_c03,68
train,WallPushups,v_WallPushups_g13_c04,101
train,WallPushups,v_WallPushups_g25_c04,150
train,WallPushups,v_WallPushups_g24_c01,109
train,WallPushups,v_WallPushups_g12_c03,117
train,WallPushups,v_WallPushups_g12_c02,122
train,WallPushups,v_WallPushups_g25_c05,143
train,HandstandPushups,v_HandStandPushups_g19_c04,106
train,HandstandPushups,v_HandStandPushups_g09_c04,76
train,HandstandPushups,v_HandStandPushups_g08_c01,106
train,HandstandPushups,v_HandStandPushups_g18_c01,106
train,HandstandPushups,v_HandStandPushups_g11_c02,152
train,HandstandPushups,v_HandStandPushups_g11_c03,186
train,HandstandPushups,v_HandStandPushups_g18_c02,126
train,HandstandPushups,v_HandStandPushups_g08_c02,95
train,HandstandPushups,v_HandStandPushups_g10_c04,131
train,HandstandPushups,v_HandStandPushups_g11_c01,146
train,HandstandPushups,v_HandStandPushups_g08_c03,106
train,HandstandPushups,v_HandStandPushups_g18_c03,94
train,HandstandPushups,v_HandStandPushups_g09_c02,91
train,HandstandPushups,v_HandStandPushups_g19_c02,136
train,HandstandPushups,v_HandStandPushups_g18_c07,69
train,HandstandPushups,v_HandStandPushups_g10_c01,82
train,HandstandPushups,v_HandStandPushups_g11_c04,146
train,HandstandPushups,v_HandStandPushups_g11_c05,155
train,HandstandPushups,v_HandStandPushups_g18_c06,102
train,HandstandPushups,v_HandStandPushups_g19_c03,83
train,HandstandPushups,v_HandStandPushups_g09_c03,106
train,HandstandPushups,v_HandStandPushups_g19_c01,135
train,HandstandPushups,v_HandStandPushups_g09_c01,91
train,HandstandPushups,v_HandStandPushups_g08_c04,131
train,HandstandPushups,v_HandStandPushups_g18_c04,90
train,HandstandPushups,v_HandStandPushups_g10_c02,71
train,HandstandPushups,v_HandStandPushups_g11_c06,111
train,HandstandPushups,v_HandStandPushups_g10_c03,76
train,HandstandPushups,v_HandStandPushups_g18_c05,98
train,HandstandPushups,v_HandStandPushups_g08_c05,76
train,HandstandPushups,v_HandStandPushups_g24_c03,108
train,HandstandPushups,v_HandStandPushups_g12_c01,106
train,HandstandPushups,v_HandStandPushups_g25_c06,185
train,HandstandPushups,v_HandStandPushups_g13_c04,91
train,HandstandPushups,v_HandStandPushups_g13_c05,116
train,HandstandPushups,v_HandStandPushups_g25_c07,67
train,HandstandPushups,v_HandStandPushups_g24_c02,141
train,HandstandPushups,v_HandStandPushups_g12_c02,86
train,HandstandPushups,v_HandStandPushups_g25_c05,177
train,HandstandPushups,v_HandStandPushups_g13_c07,152
train,HandstandPushups,v_HandStandPushups_g13_c06,96
train,HandstandPushups,v_HandStandPushups_g25_c04,143
train,HandstandPushups,v_HandStandPushups_g12_c03,73
train,HandstandPushups,v_HandStandPushups_g24_c01,105
train,HandstandPushups,v_HandStandPushups_g12_c07,252
train,HandstandPushups,v_HandStandPushups_g13_c02,86
train,HandstandPushups,v_HandStandPushups_g25_c01,139
train,HandstandPushups,v_HandStandPushups_g13_c03,114
train,HandstandPushups,v_HandStandPushups_g24_c04,85
train,HandstandPushups,v_HandStandPushups_g12_c06,102
train,HandstandPushups,v_HandStandPushups_g12_c04,127
train,HandstandPushups,v_HandStandPushups_g13_c01,123
train,HandstandPushups,v_HandStandPushups_g25_c03,134
train,HandstandPushups,v_HandStandPushups_g25_c02,131
train,HandstandPushups,v_HandStandPushups_g12_c05,109
train,HandstandPushups,v_HandStandPushups_g20_c02,135
train,HandstandPushups,v_HandStandPushups_g17_c05,91
train,HandstandPushups,v_HandStandPushups_g17_c04,76
train,HandstandPushups,v_HandStandPushups_g21_c06,102
train,HandstandPushups,v_HandStandPushups_g16_c01,122
train,HandstandPushups,v_HandStandPushups_g20_c03,123
train,HandstandPushups,v_HandStandPushups_g20_c01,111
train,HandstandPushups,v_HandStandPushups_g16_c03,126
train,HandstandPushups,v_HandStandPushups_g21_c04,158
train,HandstandPushups,v_HandStandPushups_g21_c05,102
train,HandstandPushups,v_HandStandPushups_g16_c02,126
train,HandstandPushups,v_HandStandPushups_g16_c06,152
train,HandstandPushups,v_HandStandPushups_g20_c04,121
train,HandstandPushups,v_HandStandPushups_g17_c03,76
train,HandstandPushups,v_HandStandPushups_g21_c01,84
train,HandstandPushups,v_HandStandPushups_g17_c02,96
train,HandstandPushups,v_HandStandPushups_g20_c05,126
train,HandstandPushups,v_HandStandPushups_g16_c07,160
train,HandstandPushups,v_HandStandPushups_g16_c05,102
train,HandstandPushups,v_HandStandPushups_g20_c07,116
train,HandstandPushups,v_HandStandPushups_g21_c02,87
train,HandstandPushups,v_HandStandPushups_g21_c03,123
train,HandstandPushups,v_HandStandPushups_g17_c01,86
train,HandstandPushups,v_HandStandPushups_g20_c06,79
train,HandstandPushups,v_HandStandPushups_g16_c04,126
train,HandstandPushups,v_HandStandPushups_g22_c04,92
train,HandstandPushups,v_HandStandPushups_g23_c01,181
train,HandstandPushups,v_HandStandPushups_g15_c03,108
train,HandstandPushups,v_HandStandPushups_g15_c02,108
train,HandstandPushups,v_HandStandPushups_g22_c05,51
train,HandstandPushups,v_HandStandPushups_g23_c02,185
train,HandstandPushups,v_HandStandPushups_g15_c01,112
train,HandstandPushups,v_HandStandPushups_g23_c03,212
train,HandstandPushups,v_HandStandPushups_g14_c04,165
train,HandstandPushups,v_HandStandPushups_g22_c02,112
train,HandstandPushups,v_HandStandPushups_g15_c05,112
train,HandstandPushups,v_HandStandPushups_g15_c04,121
train,HandstandPushups,v_HandStandPushups_g22_c03,116
train,HandstandPushups,v_HandStandPushups_g14_c01,105
train,HandstandPushups,v_HandStandPushups_g14_c03,125
train,HandstandPushups,v_HandStandPushups_g22_c01,130
train,HandstandPushups,v_HandStandPushups_g15_c06,102
train,HandstandPushups,v_HandStandPushups_g23_c04,113
train,HandstandPushups,v_HandStandPushups_g23_c05,186
train,HandstandPushups,v_HandStandPushups_g14_c02,106
train,Lunges,v_Lunges_g11_c04,244
train,Lunges,v_Lunges_g10_c01,256
train,Lunges,v_Lunges_g19_c02,259
train,Lunges,v_Lunges_g09_c02,201
train,Lunges,v_Lunges_g09_c03,205
train,Lunges,v_Lunges_g19_c03,248
train,Lunges,v_Lunges_g11_c05,229
train,Lunges,v_Lunges_g11_c07,254
train,Lunges,v_Lunges_g10_c02,262
train,Lunges,v_Lunges_g18_c04,246
train,Lunges,v_Lunges_g08_c04,161
train,Lunges,v_Lunges_g09_c01,193
train,Lunges,v_Lunges_g19_c01,260
train,Lunges,v_Lunges_g18_c05,254
train,Lunges,v_Lunges_g10_c03,251
train,Lunges,v_Lunges_g11_c06,259
train,Lunges,v_Lunges_g11_c02,241
train,Lunges,v_Lunges_g18_c01,256
train,Lunges,v_Lunges_g08_c01,159
train,Lunges,v_Lunges_g09_c04,205
train,Lunges,v_Lunges_g19_c04,257
train,Lunges,v_Lunges_g19_c05,259
train,Lunges,v_Lunges_g10_c06,266
train,Lunges,v_Lunges_g11_c03,256
train,Lunges,v_Lunges_g11_c01,267
train,Lunges,v_Lunges_g10_c04,262
train,Lunges,v_Lunges_g08_c02,171
train,Lunges,v_Lunges_g18_c02,249
train,Lunges,v_Lunges_g19_c07,241
train,Lunges,v_Lunges_g19_c06,239
train,Lunges,v_Lunges_g18_c03,253
train,Lunges,v_Lunges_g08_c03,175
train,Lunges,v_Lunges_g10_c05,245
train,Lunges,v_Lunges_g13_c02,252
train,Lunges,v_Lunges_g24_c04,176
train,Lunges,v_Lunges_g13_c03,253
train,Lunges,v_Lunges_g25_c01,235
train,Lunges,v_Lunges_g25_c03,246
train,Lunges,v_Lunges_g13_c01,267
train,Lunges,v_Lunges_g12_c04,252
train,Lunges,v_Lunges_g12_c05,248
train,Lunges,v_Lunges_g25_c02,264
train,Lunges,v_Lunges_g13_c04,242
train,Lunges,v_Lunges_g12_c01,252
train,Lunges,v_Lunges_g24_c03,193
train,Lunges,v_Lunges_g24_c02,193
train,Lunges,v_Lunges_g13_c05,252
train,Lunges,v_Lunges_g12_c02,263
train,Lunges,v_Lunges_g24_c01,192
train,Lunges,v_Lunges_g12_c03,253
train,Lunges,v_Lunges_g25_c04,251
train,Lunges,v_Lunges_g13_c06,252
train,Lunges,v_Lunges_g21_c01,267
train,Lunges,v_Lunges_g17_c03,254
train,Lunges,v_Lunges_g20_c04,48
train,Lunges,v_Lunges_g17_c02,262
train,Lunges,v_Lunges_g21_c02,241
train,Lunges,v_Lunges_g16_c04,253
train,Lunges,v_Lunges_g17_c01,248
train,Lunges,v_Lunges_g21_c03,259
train,Lunges,v_Lunges_g20_c02,47
train,Lunges,v_Lunges_g20_c03,47
train,Lunges,v_Lunges_g16_c01,255
train,Lunges,v_Lunges_g17_c04,252
train,Lunges,v_Lunges_g21_c04,253
train,Lunges,v_Lunges_g16_c03,263
train,Lunges,v_Lunges_g20_c01,48
train,Lunges,v_Lunges_g16_c02,244
train,Lunges,v_Lunges_g21_c05,236
train,Lunges,v_Lunges_g22_c02,204
train,Lunges,v_Lunges_g14_c01,256
train,Lunges,v_Lunges_g22_c03,203
train,Lunges,v_Lunges_g15_c04,86
train,Lunges,v_Lunges_g23_c06,248
train,Lunges,v_Lunges_g23_c04,203
train,Lunges,v_Lunges_g22_c01,190
train,Lunges,v_Lunges_g14_c03,262
train,Lunges,v_Lunges_g14_c02,263
train,Lunges,v_Lunges_g23_c05,260
train,Lunges,v_Lunges_g15_c03,106
train,Lunges,v_Lunges_g23_c01,201
train,Lunges,v_Lunges_g14_c06,255
train,Lunges,v_Lunges_g22_c04,208
train,Lunges,v_Lunges_g14_c07,256
train,Lunges,v_Lunges_g15_c02,97
train,Lunges,v_Lunges_g23_c02,203
train,Lunges,v_Lunges_g14_c05,255
train,Lunges,v_Lunges_g14_c04,249
train,Lunges,v_Lunges_g23_c03,207
train,Lunges,v_Lunges_g15_c01,117
train,HandstandWalking,v_HandstandWalking_g24_c02,331
train,HandstandWalking,v_HandstandWalking_g12_c01,76
train,HandstandWalking,v_HandstandWalking_g24_c03,320
train,HandstandWalking,v_HandstandWalking_g13_c04,81
train,HandstandWalking,v_HandstandWalking_g25_c04,101
train,HandstandWalking,v_HandstandWalking_g24_c01,336
train,HandstandWalking,v_HandstandWalking_g12_c03,78
train,HandstandWalking,v_HandstandWalking_g12_c02,79
train,HandstandWalking,v_HandstandWalking_g13_c03,71
train,HandstandWalking,v_HandstandWalking_g25_c01,105
train,HandstandWalking,v_HandstandWalking_g24_c04,324
train,HandstandWalking,v_HandstandWalking_g24_c05,312
train,HandstandWalking,v_HandstandWalking_g13_c02,69
train,HandstandWalking,v_HandstandWalking_g25_c02,103
train,HandstandWalking,v_HandstandWalking_g24_c06,375
train,HandstandWalking,v_HandstandWalking_g12_c04,93
train,HandstandWalking,v_HandstandWalking_g25_c03,101
train,HandstandWalking,v_HandstandWalking_g13_c01,73
train,HandstandWalking,v_HandstandWalking_g11_c03,127
train,HandstandWalking,v_HandstandWalking_g19_c04,266
train,HandstandWalking,v_HandstandWalking_g09_c04,154
train,HandstandWalking,v_HandstandWalking_g08_c01,136
train,HandstandWalking,v_HandstandWalking_g18_c01,177
train,HandstandWalking,v_HandstandWalking_g11_c02,122
train,HandstandWalking,v_HandstandWalking_g08_c03,133
train,HandstandWalking,v_HandstandWalking_g18_c03,329
train,HandstandWalking,v_HandstandWalking_g18_c02,205
train,HandstandWalking,v_HandstandWalking_g08_c02,134
train,HandstandWalking,v_HandstandWalking_g10_c04,196
train,HandstandWalking,v_HandstandWalking_g11_c01,124
train,HandstandWalking,v_HandstandWalking_g18_c06,288
train,HandstandWalking,v_HandstandWalking_g19_c03,331
train,HandstandWalking,v_HandstandWalking_g09_c03,145
train,HandstandWalking,v_HandstandWalking_g09_c02,144
train,HandstandWalking,v_HandstandWalking_g19_c02,233
train,HandstandWalking,v_HandstandWalking_g18_c07,329
train,HandstandWalking,v_HandstandWalking_g10_c01,155
train,HandstandWalking,v_HandstandWalking_g11_c04,131
train,HandstandWalking,v_HandstandWalking_g10_c03,148
train,HandstandWalking,v_HandstandWalking_g18_c05,176
train,HandstandWalking,v_HandstandWalking_g19_c01,221
train,HandstandWalking,v_HandstandWalking_g09_c01,145
train,HandstandWalking,v_HandstandWalking_g08_c04,139
train,HandstandWalking,v_HandstandWalking_g18_c04,364
train,HandstandWalking,v_HandstandWalking_g10_c02,149
train,HandstandWalking,v_HandstandWalking_g15_c02,195
train,HandstandWalking,v_HandstandWalking_g22_c04,154
train,HandstandWalking,v_HandstandWalking_g15_c03,206
train,HandstandWalking,v_HandstandWalking_g23_c01,321
train,HandstandWalking,v_HandstandWalking_g23_c03,304
train,HandstandWalking,v_HandstandWalking_g15_c01,206
train,HandstandWalking,v_HandstandWalking_g14_c04,139
train,HandstandWalking,v_HandstandWalking_g23_c02,313
train,HandstandWalking,v_HandstandWalking_g15_c04,225
train,HandstandWalking,v_HandstandWalking_g14_c01,75
train,HandstandWalking,v_HandstandWalking_g22_c03,151
train,HandstandWalking,v_HandstandWalking_g22_c02,147
train,HandstandWalking,v_HandstandWalking_g14_c02,89
train,HandstandWalking,v_HandstandWalking_g22_c01,124
train,HandstandWalking,v_HandstandWalking_g14_c03,157
train,HandstandWalking,v_HandstandWalking_g23_c04,344
train,HandstandWalking,v_HandstandWalking_g17_c04,217
train,HandstandWalking,v_HandstandWalking_g20_c03,72
train,HandstandWalking,v_HandstandWalking_g16_c01,129
train,HandstandWalking,v_HandstandWalking_g20_c02,68
train,HandstandWalking,v_HandstandWalking_g16_c02,132
train,HandstandWalking,v_HandstandWalking_g16_c03,109
train,HandstandWalking,v_HandstandWalking_g20_c01,68
train,HandstandWalking,v_HandstandWalking_g21_c04,175
train,HandstandWalking,v_HandstandWalking_g17_c02,150
train,HandstandWalking,v_HandstandWalking_g20_c04,88
train,HandstandWalking,v_HandstandWalking_g21_c01,130
train,HandstandWalking,v_HandstandWalking_g17_c03,154
train,HandstandWalking,v_HandstandWalking_g17_c01,153
train,HandstandWalking,v_HandstandWalking_g21_c03,126
train,HandstandWalking,v_HandstandWalking_g16_c04,117
train,HandstandWalking,v_HandstandWalking_g21_c02,126
train,BabyCrawling,v_BabyCrawling_g22_c05,183
train,BabyCrawling,v_BabyCrawling_g15_c02,222
train,BabyCrawling,v_BabyCrawling_g15_c03,102
train,BabyCrawling,v_BabyCrawling_g23_c01,117
train,BabyCrawling,v_BabyCrawling_g22_c04,194
train,BabyCrawling,v_BabyCrawling_g22_c06,93
train,BabyCrawling,v_BabyCrawling_g14_c04,223
train,BabyCrawling,v_BabyCrawling_g23_c03,112
train,BabyCrawling,v_BabyCrawling_g15_c01,199
train,BabyCrawling,v_BabyCrawling_g23_c02,112
train,BabyCrawling,v_BabyCrawling_g22_c07,117
train,BabyCrawling,v_BabyCrawling_g14_c01,123
train,BabyCrawling,v_BabyCrawling_g22_c03,160
train,BabyCrawling,v_BabyCrawling_g15_c04,180
train,BabyCrawling,v_BabyCrawling_g15_c05,218
train,BabyCrawling,v_BabyCrawling_g22_c02,198
train,BabyCrawling,v_BabyCrawling_g14_c02,109
train,BabyCrawling,v_BabyCrawling_g23_c04,180
train,BabyCrawling,v_BabyCrawling_g15_c06,165
train,BabyCrawling,v_BabyCrawling_g22_c01,243
train,BabyCrawling,v_BabyCrawling_g14_c03,177
train,BabyCrawling,v_BabyCrawling_g20_c03,264
train,BabyCrawling,v_BabyCrawling_g16_c01,159
train,BabyCrawling,v_BabyCrawling_g17_c04,175
train,BabyCrawling,v_BabyCrawling_g17_c05,110
train,BabyCrawling,v_BabyCrawling_g20_c02,242
train,BabyCrawling,v_BabyCrawling_g16_c02,196
train,BabyCrawling,v_BabyCrawling_g21_c04,190
train,BabyCrawling,v_BabyCrawling_g16_c03,172
train,BabyCrawling,v_BabyCrawling_g20_c01,262
train,BabyCrawling,v_BabyCrawling_g20_c05,179
train,BabyCrawling,v_BabyCrawling_g17_c02,118
train,BabyCrawling,v_BabyCrawling_g21_c01,152
train,BabyCrawling,v_BabyCrawling_g17_c03,109
train,BabyCrawling,v_BabyCrawling_g20_c04,129
train,BabyCrawling,v_BabyCrawling_g16_c06,192
train,BabyCrawling,v_BabyCrawling_g16_c04,208
train,BabyCrawling,v_BabyCrawling_g20_c06,214
train,BabyCrawling,v_BabyCrawling_g17_c01,142
train,BabyCrawling,v_BabyCrawling_g21_c03,146
train,BabyCrawling,v_BabyCrawling_g21_c02,119
train,BabyCrawling,v_BabyCrawling_g20_c07,251
train,BabyCrawling,v_BabyCrawling_g16_c05,224
train,BabyCrawling,v_BabyCrawling_g24_c02,180
train,BabyCrawling,v_BabyCrawling_g13_c05,86
train,BabyCrawling,v_BabyCrawling_g13_c04,149
train,BabyCrawling,v_BabyCrawling_g25_c06,249
train,BabyCrawling,v_BabyCrawling_g12_c01,104
train,BabyCrawling,v_BabyCrawling_g24_c03,125
train,BabyCrawling,v_BabyCrawling_g24_c01,195
train,BabyCrawling,v_BabyCrawling_g12_c03,97
train,BabyCrawling,v_BabyCrawling_g25_c04,159
train,BabyCrawling,v_BabyCrawling_g13_c06,168
train,BabyCrawling,v_BabyCrawling_g25_c05,175
train,BabyCrawling,v_BabyCrawling_g12_c02,140
train,BabyCrawling,v_BabyCrawling_g12_c06,125
train,BabyCrawling,v_BabyCrawling_g24_c04,118
train,BabyCrawling,v_BabyCrawling_g13_c03,111
train,BabyCrawling,v_BabyCrawling_g25_c01,294
train,BabyCrawling,v_BabyCrawling_g13_c02,127
train,BabyCrawling,v_BabyCrawling_g24_c05,113
train,BabyCrawling,v_BabyCrawling_g12_c05,186
train,BabyCrawling,v_BabyCrawling_g25_c02,153
train,BabyCrawling,v_BabyCrawling_g25_c03,143
train,BabyCrawling,v_BabyCrawling_g13_c01,142
train,BabyCrawling,v_BabyCrawling_g24_c06,181
train,BabyCrawling,v_BabyCrawling_g12_c04,105
train,BabyCrawling,v_BabyCrawling_g11_c03,100
train,BabyCrawling,v_BabyCrawling_g09_c05,105
train,BabyCrawling,v_BabyCrawling_g19_c05,236
train,BabyCrawling,v_BabyCrawling_g08_c01,206
train,BabyCrawling,v_BabyCrawling_g18_c01,199
train,BabyCrawling,v_BabyCrawling_g19_c04,145
train,BabyCrawling,v_BabyCrawling_g09_c04,207
train,BabyCrawling,v_BabyCrawling_g11_c02,104
train,BabyCrawling,v_BabyCrawling_g10_c05,121
train,BabyCrawling,v_BabyCrawling_g09_c06,120
train,BabyCrawling,v_BabyCrawling_g08_c03,114
train,BabyCrawling,v_BabyCrawling_g18_c03,165
train,BabyCrawling,v_BabyCrawling_g18_c02,228
train,BabyCrawling,v_BabyCrawling_g08_c02,112
train,BabyCrawling,v_BabyCrawling_g11_c01,107
train,BabyCrawling,v_BabyCrawling_g10_c04,185
train,BabyCrawling,v_BabyCrawling_g19_c03,161
train,BabyCrawling,v_BabyCrawling_g09_c03,137
train,BabyCrawling,v_BabyCrawling_g18_c06,181
train,BabyCrawling,v_BabyCrawling_g09_c02,223
train,BabyCrawling,v_BabyCrawling_g19_c02,171
train,BabyCrawling,v_BabyCrawling_g11_c04,110
train,BabyCrawling,v_BabyCrawling_g10_c01,143
train,BabyCrawling,v_BabyCrawling_g10_c03,101
train,BabyCrawling,v_BabyCrawling_g18_c05,173
train,BabyCrawling,v_BabyCrawling_g08_c04,96
train,BabyCrawling,v_BabyCrawling_g18_c04,205
train,BabyCrawling,v_BabyCrawling_g19_c01,95
train,BabyCrawling,v_BabyCrawling_g09_c01,145
train,BabyCrawling,v_BabyCrawling_g10_c02,117
train,PushUps,v_PushUps_g09_c03,84
train,PushUps,v_PushUps_g19_c03,76
train,PushUps,v_PushUps_g19_c02,75
train,PushUps,v_PushUps_g09_c02,84
train,PushUps,v_PushUps_g10_c01,69
train,PushUps,v_PushUps_g11_c04,63
train,PushUps,v_PushUps_g10_c03,66
train,PushUps,v_PushUps_g09_c01,84
train,PushUps,v_PushUps_g19_c01,72
train,PushUps,v_PushUps_g18_c04,71
train,PushUps,v_PushUps_g08_c04,84
train,PushUps,v_PushUps_g10_c02,62
train,PushUps,v_PushUps_g11_c03,55
train,PushUps,v_PushUps_g09_c04,84
train,PushUps,v_PushUps_g19_c04,76
train,PushUps,v_PushUps_g18_c01,72
train,PushUps,v_PushUps_g08_c01,84
train,PushUps,v_PushUps_g11_c02,59
train,PushUps,v_PushUps_g18_c03,75
train,PushUps,v_PushUps_g08_c03,84
train,PushUps,v_PushUps_g08_c02,84
train,PushUps,v_PushUps_g18_c02,71
train,PushUps,v_PushUps_g10_c04,71
train,PushUps,v_PushUps_g11_c01,66
train,PushUps,v_PushUps_g13_c03,51
train,PushUps,v_PushUps_g25_c01,90
train,PushUps,v_PushUps_g24_c04,70
train,PushUps,v_PushUps_g13_c02,72
train,PushUps,v_PushUps_g25_c02,109
train,PushUps,v_PushUps_g12_c04,72
train,PushUps,v_PushUps_g25_c03,111
train,PushUps,v_PushUps_g13_c01,72
train,PushUps,v_PushUps_g24_c02,68
train,PushUps,v_PushUps_g12_c01,74
train,PushUps,v_PushUps_g24_c03,69
train,PushUps,v_PushUps_g13_c04,59
train,PushUps,v_PushUps_g25_c04,101
train,PushUps,v_PushUps_g24_c01,71
train,PushUps,v_PushUps_g12_c03,70
train,PushUps,v_PushUps_g12_c02,74
train,PushUps,v_PushUps_g17_c02,81
train,PushUps,v_PushUps_g20_c04,94
train,PushUps,v_PushUps_g21_c01,90
train,PushUps,v_PushUps_g17_c03,74
train,PushUps,v_PushUps_g17_c01,80
train,PushUps,v_PushUps_g21_c03,124
train,PushUps,v_PushUps_g16_c04,29
train,PushUps,v_PushUps_g21_c02,166
train,PushUps,v_PushUps_g17_c04,79
train,PushUps,v_PushUps_g20_c03,95
train,PushUps,v_PushUps_g16_c01,71
train,PushUps,v_PushUps_g20_c02,88
train,PushUps,v_PushUps_g16_c02,76
train,PushUps,v_PushUps_g16_c03,33
train,PushUps,v_PushUps_g20_c01,94
train,PushUps,v_PushUps_g21_c04,102
train,PushUps,v_PushUps_g15_c04,90
train,PushUps,v_PushUps_g14_c01,103
train,PushUps,v_PushUps_g22_c03,67
train,PushUps,v_PushUps_g22_c02,108
train,PushUps,v_PushUps_g14_c02,98
train,PushUps,v_PushUps_g22_c01,57
train,PushUps,v_PushUps_g14_c03,100
train,PushUps,v_PushUps_g23_c04,60
train,PushUps,v_PushUps_g15_c02,86
train,PushUps,v_PushUps_g22_c04,96
train,PushUps,v_PushUps_g15_c03,85
train,PushUps,v_PushUps_g23_c01,63
train,PushUps,v_PushUps_g23_c03,62
train,PushUps,v_PushUps_g15_c01,105
train,PushUps,v_PushUps_g14_c04,94
train,PushUps,v_PushUps_g23_c02,61
train,RopeClimbing,v_RopeClimbing_g25_c01,152
train,RopeClimbing,v_RopeClimbing_g13_c03,77
train,RopeClimbing,v_RopeClimbing_g24_c04,180
train,RopeClimbing,v_RopeClimbing_g13_c02,77
train,RopeClimbing,v_RopeClimbing_g25_c02,163
train,RopeClimbing,v_RopeClimbing_g12_c04,72
train,RopeClimbing,v_RopeClimbing_g13_c01,77
train,RopeClimbing,v_RopeClimbing_g25_c03,165
train,RopeClimbing,v_RopeClimbing_g13_c05,77
train,RopeClimbing,v_RopeClimbing_g24_c02,151
train,RopeClimbing,v_RopeClimbing_g24_c03,151
train,RopeClimbing,v_RopeClimbing_g12_c01,222
train,RopeClimbing,v_RopeClimbing_g13_c04,89
train,RopeClimbing,v_RopeClimbing_g13_c06,98
train,RopeClimbing,v_RopeClimbing_g25_c04,168
train,RopeClimbing,v_RopeClimbing_g12_c03,190
train,RopeClimbing,v_RopeClimbing_g24_c01,157
train,RopeClimbing,v_RopeClimbing_g12_c02,134
train,RopeClimbing,v_RopeClimbing_g25_c05,157
train,RopeClimbing,v_RopeClimbing_g13_c07,84
train,RopeClimbing,v_RopeClimbing_g19_c03,168
train,RopeClimbing,v_RopeClimbing_g09_c03,154
train,RopeClimbing,v_RopeClimbing_g09_c02,158
train,RopeClimbing,v_RopeClimbing_g19_c02,171
train,RopeClimbing,v_RopeClimbing_g10_c01,151
train,RopeClimbing,v_RopeClimbing_g11_c04,101
train,RopeClimbing,v_RopeClimbing_g10_c03,156
train,RopeClimbing,v_RopeClimbing_g18_c05,183
train,RopeClimbing,v_RopeClimbing_g19_c01,155
train,RopeClimbing,v_RopeClimbing_g09_c01,152
train,RopeClimbing,v_RopeClimbing_g08_c04,184
train,RopeClimbing,v_RopeClimbing_g18_c04,204
train,RopeClimbing,v_RopeClimbing_g10_c02,154
train,RopeClimbing,v_RopeClimbing_g11_c03,158
train,RopeClimbing,v_RopeClimbing_g19_c05,164
train,RopeClimbing,v_RopeClimbing_g19_c04,171
train,RopeClimbing,v_RopeClimbing_g09_c04,167
train,RopeClimbing,v_RopeClimbing_g08_c01,179
train,RopeClimbing,v_RopeClimbing_g18_c01,188
train,RopeClimbing,v_RopeClimbing_g11_c02,107
train,RopeClimbing,v_RopeClimbing_g10_c05,151
train,RopeClimbing,v_RopeClimbing_g08_c03,118
train,RopeClimbing,v_RopeClimbing_g18_c03,203
train,RopeClimbing,v_RopeClimbing_g19_c06,190
train,RopeClimbing,v_RopeClimbing_g19_c07,179
train,RopeClimbing,v_RopeClimbing_g18_c02,181
train,RopeClimbing,v_RopeClimbing_g08_c02,103
train,RopeClimbing,v_RopeClimbing_g10_c04,156
train,RopeClimbing,v_RopeClimbing_g11_c01,101
train,RopeClimbing,v_RopeClimbing_g15_c04,228
train,RopeClimbing,v_RopeClimbing_g22_c03,160
train,RopeClimbing,v_RopeClimbing_g14_c01,182
train,RopeClimbing,v_RopeClimbing_g22_c02,159
train,RopeClimbing,v_RopeClimbing_g15_c05,327
train,RopeClimbing,v_RopeClimbing_g14_c02,227
train,RopeClimbing,v_RopeClimbing_g14_c03,217
train,RopeClimbing,v_RopeClimbing_g22_c01,155
train,RopeClimbing,v_RopeClimbing_g23_c04,166
train,RopeClimbing,v_RopeClimbing_g15_c02,228
train,RopeClimbing,v_RopeClimbing_g22_c04,212
train,RopeClimbing,v_RopeClimbing_g23_c01,152
train,RopeClimbing,v_RopeClimbing_g15_c03,245
train,RopeClimbing,v_RopeClimbing_g15_c01,226
train,RopeClimbing,v_RopeClimbing_g23_c03,151
train,RopeClimbing,v_RopeClimbing_g14_c04,180
train,RopeClimbing,v_RopeClimbing_g14_c05,181
train,RopeClimbing,v_RopeClimbing_g23_c02,153
train,RopeClimbing,v_RopeClimbing_g17_c02,185
train,RopeClimbing,v_RopeClimbing_g20_c04,151
train,RopeClimbing,v_RopeClimbing_g17_c03,195
train,RopeClimbing,v_RopeClimbing_g21_c01,153
train,RopeClimbing,v_RopeClimbing_g21_c03,170
train,RopeClimbing,v_RopeClimbing_g17_c01,180
train,RopeClimbing,v_RopeClimbing_g16_c04,151
train,RopeClimbing,v_RopeClimbing_g16_c05,151
train,RopeClimbing,v_RopeClimbing_g21_c02,162
train,RopeClimbing,v_RopeClimbing_g17_c04,194
train,RopeClimbing,v_RopeClimbing_g16_c01,219
train,RopeClimbing,v_RopeClimbing_g20_c03,175
train,RopeClimbing,v_RopeClimbing_g20_c02,163
train,RopeClimbing,v_RopeClimbing_g17_c05,249
train,RopeClimbing,v_RopeClimbing_g16_c02,161
train,RopeClimbing,v_RopeClimbing_g20_c01,157
train,RopeClimbing,v_RopeClimbing_g16_c03,168
train,RopeClimbing,v_RopeClimbing_g21_c04,175
train,BodyWeightSquats,v_BodyWeightSquats_g16_c04,77
train,BodyWeightSquats,v_BodyWeightSquats_g20_c06,167
train,BodyWeightSquats,v_BodyWeightSquats_g17_c01,180
train,BodyWeightSquats,v_BodyWeightSquats_g21_c03,54
train,BodyWeightSquats,v_BodyWeightSquats_g21_c02,64
train,BodyWeightSquats,v_BodyWeightSquats_g20_c05,136
train,BodyWeightSquats,v_BodyWeightSquats_g17_c02,174
train,BodyWeightSquats,v_BodyWeightSquats_g21_c01,51
train,BodyWeightSquats,v_BodyWeightSquats_g17_c03,170
train,BodyWeightSquats,v_BodyWeightSquats_g20_c04,164
train,BodyWeightSquats,v_BodyWeightSquats_g16_c02,75
train,BodyWeightSquats,v_BodyWeightSquats_g21_c04,87
train,BodyWeightSquats,v_BodyWeightSquats_g16_c03,81
train,BodyWeightSquats,v_BodyWeightSquats_g20_c01,100
train,BodyWeightSquats,v_BodyWeightSquats_g20_c03,94
train,BodyWeightSquats,v_BodyWeightSquats_g16_c01,74
train,BodyWeightSquats,v_BodyWeightSquats_g17_c04,144
train,BodyWeightSquats,v_BodyWeightSquats_g20_c02,174
train,BodyWeightSquats,v_BodyWeightSquats_g14_c02,114
train,BodyWeightSquats,v_BodyWeightSquats_g23_c04,66
train,BodyWeightSquats,v_BodyWeightSquats_g22_c01,90
train,BodyWeightSquats,v_BodyWeightSquats_g14_c03,114
train,BodyWeightSquats,v_BodyWeightSquats_g14_c01,110
train,BodyWeightSquats,v_BodyWeightSquats_g22_c03,138
train,BodyWeightSquats,v_BodyWeightSquats_g15_c04,126
train,BodyWeightSquats,v_BodyWeightSquats_g22_c02,62
train,BodyWeightSquats,v_BodyWeightSquats_g14_c04,111
train,BodyWeightSquats,v_BodyWeightSquats_g23_c03,73
train,BodyWeightSquats,v_BodyWeightSquats_g15_c01,142
train,BodyWeightSquats,v_BodyWeightSquats_g23_c02,76
train,BodyWeightSquats,v_BodyWeightSquats_g15_c02,122
train,BodyWeightSquats,v_BodyWeightSquats_g15_c03,137
train,BodyWeightSquats,v_BodyWeightSquats_g23_c01,52
train,BodyWeightSquats,v_BodyWeightSquats_g22_c04,62
train,BodyWeightSquats,v_BodyWeightSquats_g10_c03,152
train,BodyWeightSquats,v_BodyWeightSquats_g08_c04,104
train,BodyWeightSquats,v_BodyWeightSquats_g18_c04,223
train,BodyWeightSquats,v_BodyWeightSquats_g19_c01,135
train,BodyWeightSquats,v_BodyWeightSquats_g09_c01,200
train,BodyWeightSquats,v_BodyWeightSquats_g10_c02,160
train,BodyWeightSquats,v_BodyWeightSquats_g19_c03,144
train,BodyWeightSquats,v_BodyWeightSquats_g09_c03,115
train,BodyWeightSquats,v_BodyWeightSquats_g09_c02,201
train,BodyWeightSquats,v_BodyWeightSquats_g19_c02,112
train,BodyWeightSquats,v_BodyWeightSquats_g11_c04,77
train,BodyWeightSquats,v_BodyWeightSquats_g10_c01,168
train,BodyWeightSquats,v_BodyWeightSquats_g10_c05,158
train,BodyWeightSquats,v_BodyWeightSquats_g09_c06,260
train,BodyWeightSquats,v_BodyWeightSquats_g08_c03,49
train,BodyWeightSquats,v_BodyWeightSquats_g18_c03,211
train,BodyWeightSquats,v_BodyWeightSquats_g18_c02,214
train,BodyWeightSquats,v_BodyWeightSquats_g08_c02,106
train,BodyWeightSquats,v_BodyWeightSquats_g09_c07,233
train,BodyWeightSquats,v_BodyWeightSquats_g11_c01,81
train,BodyWeightSquats,v_BodyWeightSquats_g10_c04,148
train,BodyWeightSquats,v_BodyWeightSquats_g11_c03,86
train,BodyWeightSquats,v_BodyWeightSquats_g09_c05,229
train,BodyWeightSquats,v_BodyWeightSquats_g08_c01,76
train,BodyWeightSquats,v_BodyWeightSquats_g18_c01,203
train,BodyWeightSquats,v_BodyWeightSquats_g19_c04,108
train,BodyWeightSquats,v_BodyWeightSquats_g09_c04,123
train,BodyWeightSquats,v_BodyWeightSquats_g11_c02,95
train,BodyWeightSquats,v_BodyWeightSquats_g25_c02,110
train,BodyWeightSquats,v_BodyWeightSquats_g25_c03,116
train,BodyWeightSquats,v_BodyWeightSquats_g13_c01,112
train,BodyWeightSquats,v_BodyWeightSquats_g12_c04,193
train,BodyWeightSquats,v_BodyWeightSquats_g24_c04,237
train,BodyWeightSquats,v_BodyWeightSquats_g13_c03,115
train,BodyWeightSquats,v_BodyWeightSquats_g25_c01,103
train,BodyWeightSquats,v_BodyWeightSquats_g13_c02,62
train,BodyWeightSquats,v_BodyWeightSquats_g24_c05,78
train,BodyWeightSquats,v_BodyWeightSquats_g24_c01,230
train,BodyWeightSquats,v_BodyWeightSquats_g12_c03,120
train,BodyWeightSquats,v_BodyWeightSquats_g25_c04,108
train,BodyWeightSquats,v_BodyWeightSquats_g25_c05,106
train,BodyWeightSquats,v_BodyWeightSquats_g12_c02,143
train,BodyWeightSquats,v_BodyWeightSquats_g24_c02,221
train,BodyWeightSquats,v_BodyWeightSquats_g25_c07,125
train,BodyWeightSquats,v_BodyWeightSquats_g13_c04,75
train,BodyWeightSquats,v_BodyWeightSquats_g25_c06,101
train,BodyWeightSquats,v_BodyWeightSquats_g12_c01,237
train,BodyWeightSquats,v_BodyWeightSquats_g24_c03,236
train,TaiChi,v_TaiChi_g14_c01,170
train,TaiChi,v_TaiChi_g22_c03,222
train,TaiChi,v_TaiChi_g15_c04,177
train,TaiChi,v_TaiChi_g22_c02,215
train,TaiChi,v_TaiChi_g14_c02,170
train,TaiChi,v_TaiChi_g23_c04,267
train,TaiChi,v_TaiChi_g22_c01,215
train,TaiChi,v_TaiChi_g14_c03,181
train,TaiChi,v_TaiChi_g15_c02,173
train,TaiChi,v_TaiChi_g15_c03,177
train,TaiChi,v_TaiChi_g23_c01,231
train,TaiChi,v_TaiChi_g22_c04,215
train,TaiChi,v_TaiChi_g14_c04,181
train,TaiChi,v_TaiChi_g23_c03,230
train,TaiChi,v_TaiChi_g15_c01,173
train,TaiChi,v_TaiChi_g23_c02,249
train,TaiChi,v_TaiChi_g17_c02,174
train,TaiChi,v_TaiChi_g21_c01,171
train,TaiChi,v_TaiChi_g17_c03,176
train,TaiChi,v_TaiChi_g20_c04,170
train,TaiChi,v_TaiChi_g16_c04,182
train,TaiChi,v_TaiChi_g17_c01,190
train,TaiChi,v_TaiChi_g21_c03,171
train,TaiChi,v_TaiChi_g21_c02,182
train,TaiChi,v_TaiChi_g20_c03,173
train,TaiChi,v_TaiChi_g16_c01,172
train,TaiChi,v_TaiChi_g17_c04,182
train,TaiChi,v_TaiChi_g20_c02,178
train,TaiChi,v_TaiChi_g16_c02,199
train,TaiChi,v_TaiChi_g21_c04,171
train,TaiChi,v_TaiChi_g16_c03,191
train,TaiChi,v_TaiChi_g20_c01,173
train,TaiChi,v_TaiChi_g24_c04,221
train,TaiChi,v_TaiChi_g13_c03,171
train,TaiChi,v_TaiChi_g25_c01,190
train,TaiChi,v_TaiChi_g13_c02,202
train,TaiChi,v_TaiChi_g25_c02,182
train,TaiChi,v_TaiChi_g25_c03,183
train,TaiChi,v_TaiChi_g13_c01,171
train,TaiChi,v_TaiChi_g12_c04,182
train,TaiChi,v_TaiChi_g24_c02,214
train,TaiChi,v_TaiChi_g13_c04,170
train,TaiChi,v_TaiChi_g12_c01,182
train,TaiChi,v_TaiChi_g24_c03,221
train,TaiChi,v_TaiChi_g24_c01,214
train,TaiChi,v_TaiChi_g12_c03,176
train,TaiChi,v_TaiChi_g25_c04,182
train,TaiChi,v_TaiChi_g12_c02,176
train,TaiChi,v_TaiChi_g19_c03,174
train,TaiChi,v_TaiChi_g09_c03,173
train,TaiChi,v_TaiChi_g09_c02,169
train,TaiChi,v_TaiChi_g19_c02,180
train,TaiChi,v_TaiChi_g11_c04,170
train,TaiChi,v_TaiChi_g10_c01,175
train,TaiChi,v_TaiChi_g10_c03,181
train,TaiChi,v_TaiChi_g08_c04,168
train,TaiChi,v_TaiChi_g18_c04,171
train,TaiChi,v_TaiChi_g19_c01,168
train,TaiChi,v_TaiChi_g09_c01,170
train,TaiChi,v_TaiChi_g10_c02,172
train,TaiChi,v_TaiChi_g11_c03,182
train,TaiChi,v_TaiChi_g08_c01,169
train,TaiChi,v_TaiChi_g18_c01,212
train,TaiChi,v_TaiChi_g19_c04,184
train,TaiChi,v_TaiChi_g09_c04,170
train,TaiChi,v_TaiChi_g11_c02,170
train,TaiChi,v_TaiChi_g08_c03,186
train,TaiChi,v_TaiChi_g18_c03,170
train,TaiChi,v_TaiChi_g18_c02,179
train,TaiChi,v_TaiChi_g08_c02,186
train,TaiChi,v_TaiChi_g11_c01,189
train,TaiChi,v_TaiChi_g10_c04,172
train,TrampolineJumping,v_TrampolineJumping_g21_c04,201
train,TrampolineJumping,v_TrampolineJumping_g16_c03,116
train,TrampolineJumping,v_TrampolineJumping_g20_c01,201
train,TrampolineJumping,v_TrampolineJumping_g16_c02,171
train,TrampolineJumping,v_TrampolineJumping_g20_c02,201
train,TrampolineJumping,v_TrampolineJumping_g20_c03,251
train,TrampolineJumping,v_TrampolineJumping_g16_c01,144
train,TrampolineJumping,v_TrampolineJumping_g17_c04,201
train,TrampolineJumping,v_TrampolineJumping_g21_c02,201
train,TrampolineJumping,v_TrampolineJumping_g16_c05,180
train,TrampolineJumping,v_TrampolineJumping_g16_c04,151
train,TrampolineJumping,v_TrampolineJumping_g17_c01,201
train,TrampolineJumping,v_TrampolineJumping_g21_c03,201
train,TrampolineJumping,v_TrampolineJumping_g21_c01,201
train,TrampolineJumping,v_TrampolineJumping_g17_c03,201
train,TrampolineJumping,v_TrampolineJumping_g20_c04,201
train,TrampolineJumping,v_TrampolineJumping_g16_c06,180
train,TrampolineJumping,v_TrampolineJumping_g20_c05,240
train,TrampolineJumping,v_TrampolineJumping_g17_c02,251
train,TrampolineJumping,v_TrampolineJumping_g23_c02,151
train,TrampolineJumping,v_TrampolineJumping_g22_c06,180
train,TrampolineJumping,v_TrampolineJumping_g14_c04,201
train,TrampolineJumping,v_TrampolineJumping_g23_c03,151
train,TrampolineJumping,v_TrampolineJumping_g15_c01,151
train,TrampolineJumping,v_TrampolineJumping_g15_c03,151
train,TrampolineJumping,v_TrampolineJumping_g23_c01,151
train,TrampolineJumping,v_TrampolineJumping_g22_c04,180
train,TrampolineJumping,v_TrampolineJumping_g22_c05,240
train,TrampolineJumping,v_TrampolineJumping_g15_c02,151
train,TrampolineJumping,v_TrampolineJumping_g23_c04,151
train,TrampolineJumping,v_TrampolineJumping_g22_c01,240
train,TrampolineJumping,v_TrampolineJumping_g14_c03,201
train,TrampolineJumping,v_TrampolineJumping_g14_c02,229
train,TrampolineJumping,v_TrampolineJumping_g15_c05,180
train,TrampolineJumping,v_TrampolineJumping_g22_c02,180
train,TrampolineJumping,v_TrampolineJumping_g14_c01,349
train,TrampolineJumping,v_TrampolineJumping_g22_c03,240
train,TrampolineJumping,v_TrampolineJumping_g15_c04,151
train,TrampolineJumping,v_TrampolineJumping_g18_c02,151
train,TrampolineJumping,v_TrampolineJumping_g08_c02,296
train,TrampolineJumping,v_TrampolineJumping_g11_c01,201
train,TrampolineJumping,v_TrampolineJumping_g10_c04,201
train,TrampolineJumping,v_TrampolineJumping_g10_c05,240
train,TrampolineJumping,v_TrampolineJumping_g19_c06,240
train,TrampolineJumping,v_TrampolineJumping_g09_c06,192
train,TrampolineJumping,v_TrampolineJumping_g08_c03,217
train,TrampolineJumping,v_TrampolineJumping_g18_c03,201
train,TrampolineJumping,v_TrampolineJumping_g08_c01,180
train,TrampolineJumping,v_TrampolineJumping_g18_c01,201
train,TrampolineJumping,v_TrampolineJumping_g19_c04,106
train,TrampolineJumping,v_TrampolineJumping_g09_c04,201
train,TrampolineJumping,v_TrampolineJumping_g11_c02,151
train,TrampolineJumping,v_TrampolineJumping_g10_c06,240
train,TrampolineJumping,v_TrampolineJumping_g11_c03,201
train,TrampolineJumping,v_TrampolineJumping_g09_c05,240
train,TrampolineJumping,v_TrampolineJumping_g19_c05,240
train,TrampolineJumping,v_TrampolineJumping_g08_c04,296
train,TrampolineJumping,v_TrampolineJumping_g18_c04,151
train,TrampolineJumping,v_TrampolineJumping_g19_c01,106
train,TrampolineJumping,v_TrampolineJumping_g09_c01,174
train,TrampolineJumping,v_TrampolineJumping_g10_c02,201
train,TrampolineJumping,v_TrampolineJumping_g10_c03,201
train,TrampolineJumping,v_TrampolineJumping_g11_c06,240
train,TrampolineJumping,v_TrampolineJumping_g09_c02,201
train,TrampolineJumping,v_TrampolineJumping_g19_c02,106
train,TrampolineJumping,v_TrampolineJumping_g11_c04,201
train,TrampolineJumping,v_TrampolineJumping_g10_c01,201
train,TrampolineJumping,v_TrampolineJumping_g11_c05,306
train,TrampolineJumping,v_TrampolineJumping_g19_c03,106
train,TrampolineJumping,v_TrampolineJumping_g09_c03,201
train,TrampolineJumping,v_TrampolineJumping_g12_c02,180
train,TrampolineJumping,v_TrampolineJumping_g24_c01,225
train,TrampolineJumping,v_TrampolineJumping_g12_c03,180
train,TrampolineJumping,v_TrampolineJumping_g25_c04,151
train,TrampolineJumping,v_TrampolineJumping_g13_c04,125
train,TrampolineJumping,v_TrampolineJumping_g12_c01,180
train,TrampolineJumping,v_TrampolineJumping_g24_c03,131
train,TrampolineJumping,v_TrampolineJumping_g24_c02,225
train,TrampolineJumping,v_TrampolineJumping_g25_c03,151
train,TrampolineJumping,v_TrampolineJumping_g13_c01,187
train,TrampolineJumping,v_TrampolineJumping_g12_c04,180
train,TrampolineJumping,v_TrampolineJumping_g12_c05,180
train,TrampolineJumping,v_TrampolineJumping_g25_c02,123
train,TrampolineJumping,v_TrampolineJumping_g13_c02,187
train,TrampolineJumping,v_TrampolineJumping_g24_c04,225
train,TrampolineJumping,v_TrampolineJumping_g13_c03,187
train,TrampolineJumping,v_TrampolineJumping_g25_c01,131
train,RockClimbingIndoor,v_RockClimbingIndoor_g23_c02,343
train,RockClimbingIndoor,v_RockClimbingIndoor_g22_c07,433
train,RockClimbingIndoor,v_RockClimbingIndoor_g14_c05,403
train,RockClimbingIndoor,v_RockClimbingIndoor_g14_c04,422
train,RockClimbingIndoor,v_RockClimbingIndoor_g22_c06,413
train,RockClimbingIndoor,v_RockClimbingIndoor_g15_c01,342
train,RockClimbingIndoor,v_RockClimbingIndoor_g23_c03,336
train,RockClimbingIndoor,v_RockClimbingIndoor_g23_c01,324
train,RockClimbingIndoor,v_RockClimbingIndoor_g15_c03,333
train,RockClimbingIndoor,v_RockClimbingIndoor_g22_c04,413
train,RockClimbingIndoor,v_RockClimbingIndoor_g22_c05,420
train,RockClimbingIndoor,v_RockClimbingIndoor_g15_c02,333
train,RockClimbingIndoor,v_RockClimbingIndoor_g23_c04,332
train,RockClimbingIndoor,v_RockClimbingIndoor_g14_c03,415
train,RockClimbingIndoor,v_RockClimbingIndoor_g22_c01,427
train,RockClimbingIndoor,v_RockClimbingIndoor_g14_c02,306
train,RockClimbingIndoor,v_RockClimbingIndoor_g23_c05,340
train,RockClimbingIndoor,v_RockClimbingIndoor_g22_c02,406
train,RockClimbingIndoor,v_RockClimbingIndoor_g22_c03,427
train,RockClimbingIndoor,v_RockClimbingIndoor_g14_c01,326
train,RockClimbingIndoor,v_RockClimbingIndoor_g23_c06,332
train,RockClimbingIndoor,v_RockClimbingIndoor_g15_c04,333
train,RockClimbingIndoor,v_RockClimbingIndoor_g21_c04,409
train,RockClimbingIndoor,v_RockClimbingIndoor_g17_c06,418
train,RockClimbingIndoor,v_RockClimbingIndoor_g20_c01,400
train,RockClimbingIndoor,v_RockClimbingIndoor_g16_c03,250
train,RockClimbingIndoor,v_RockClimbingIndoor_g16_c02,248
train,RockClimbingIndoor,v_RockClimbingIndoor_g17_c07,378
train,RockClimbingIndoor,v_RockClimbingIndoor_g21_c05,438
train,RockClimbingIndoor,v_RockClimbingIndoor_g21_c07,450
train,RockClimbingIndoor,v_RockClimbingIndoor_g17_c05,260
train,RockClimbingIndoor,v_RockClimbingIndoor_g20_c02,397
train,RockClimbingIndoor,v_RockClimbingIndoor_g16_c01,247
train,RockClimbingIndoor,v_RockClimbingIndoor_g20_c03,404
train,RockClimbingIndoor,v_RockClimbingIndoor_g17_c04,237
train,RockClimbingIndoor,v_RockClimbingIndoor_g21_c06,408
train,RockClimbingIndoor,v_RockClimbingIndoor_g21_c02,325
train,RockClimbingIndoor,v_RockClimbingIndoor_g16_c05,252
train,RockClimbingIndoor,v_RockClimbingIndoor_g20_c06,400
train,RockClimbingIndoor,v_RockClimbingIndoor_g16_c04,250
train,RockClimbingIndoor,v_RockClimbingIndoor_g21_c03,408
train,RockClimbingIndoor,v_RockClimbingIndoor_g17_c01,319
train,RockClimbingIndoor,v_RockClimbingIndoor_g17_c03,308
train,RockClimbingIndoor,v_RockClimbingIndoor_g21_c01,367
train,RockClimbingIndoor,v_RockClimbingIndoor_g20_c04,397
train,RockClimbingIndoor,v_RockClimbingIndoor_g20_c05,397
train,RockClimbingIndoor,v_RockClimbingIndoor_g17_c02,404
train,RockClimbingIndoor,v_RockClimbingIndoor_g25_c05,426
train,RockClimbingIndoor,v_RockClimbingIndoor_g12_c02,491
train,RockClimbingIndoor,v_RockClimbingIndoor_g12_c03,516
train,RockClimbingIndoor,v_RockClimbingIndoor_g24_c01,458
train,RockClimbingIndoor,v_RockClimbingIndoor_g13_c06,249
train,RockClimbingIndoor,v_RockClimbingIndoor_g25_c04,414
train,RockClimbingIndoor,v_RockClimbingIndoor_g25_c06,427
train,RockClimbingIndoor,v_RockClimbingIndoor_g13_c04,224
train,RockClimbingIndoor,v_RockClimbingIndoor_g24_c03,397
train,RockClimbingIndoor,v_RockClimbingIndoor_g12_c01,478
train,RockClimbingIndoor,v_RockClimbingIndoor_g24_c02,417
train,RockClimbingIndoor,v_RockClimbingIndoor_g13_c05,186
train,RockClimbingIndoor,v_RockClimbingIndoor_g25_c07,403
train,RockClimbingIndoor,v_RockClimbingIndoor_g13_c01,167
train,RockClimbingIndoor,v_RockClimbingIndoor_g25_c03,391
train,RockClimbingIndoor,v_RockClimbingIndoor_g12_c04,493
train,RockClimbingIndoor,v_RockClimbingIndoor_g24_c06,408
train,RockClimbingIndoor,v_RockClimbingIndoor_g24_c07,438
train,RockClimbingIndoor,v_RockClimbingIndoor_g12_c05,491
train,RockClimbingIndoor,v_RockClimbingIndoor_g25_c02,438
train,RockClimbingIndoor,v_RockClimbingIndoor_g13_c02,157
train,RockClimbingIndoor,v_RockClimbingIndoor_g24_c05,438
train,RockClimbingIndoor,v_RockClimbingIndoor_g24_c04,417
train,RockClimbingIndoor,v_RockClimbingIndoor_g12_c06,501
train,RockClimbingIndoor,v_RockClimbingIndoor_g25_c01,414
train,RockClimbingIndoor,v_RockClimbingIndoor_g13_c03,149
train,RockClimbingIndoor,v_RockClimbingIndoor_g11_c01,167
train,RockClimbingIndoor,v_RockClimbingIndoor_g10_c04,403
train,RockClimbingIndoor,v_RockClimbingIndoor_g08_c02,540
train,RockClimbingIndoor,v_RockClimbingIndoor_g18_c02,169
train,RockClimbingIndoor,v_RockClimbingIndoor_g18_c03,166
train,RockClimbingIndoor,v_RockClimbingIndoor_g08_c03,480
train,RockClimbingIndoor,v_RockClimbingIndoor_g10_c05,426
train,RockClimbingIndoor,v_RockClimbingIndoor_g11_c02,166
train,RockClimbingIndoor,v_RockClimbingIndoor_g10_c07,426
train,RockClimbingIndoor,v_RockClimbingIndoor_g18_c01,167
train,RockClimbingIndoor,v_RockClimbingIndoor_g08_c01,490
train,RockClimbingIndoor,v_RockClimbingIndoor_g09_c04,296
train,RockClimbingIndoor,v_RockClimbingIndoor_g19_c04,402
train,RockClimbingIndoor,v_RockClimbingIndoor_g10_c06,412
train,RockClimbingIndoor,v_RockClimbingIndoor_g11_c03,167
train,RockClimbingIndoor,v_RockClimbingIndoor_g10_c02,412
train,RockClimbingIndoor,v_RockClimbingIndoor_g18_c04,167
train,RockClimbingIndoor,v_RockClimbingIndoor_g08_c04,520
train,RockClimbingIndoor,v_RockClimbingIndoor_g09_c01,252
train,RockClimbingIndoor,v_RockClimbingIndoor_g19_c01,446
train,RockClimbingIndoor,v_RockClimbingIndoor_g08_c05,480
train,RockClimbingIndoor,v_RockClimbingIndoor_g10_c03,441
train,RockClimbingIndoor,v_RockClimbingIndoor_g11_c04,169
train,RockClimbingIndoor,v_RockClimbingIndoor_g10_c01,418
train,RockClimbingIndoor,v_RockClimbingIndoor_g08_c07,490
train,RockClimbingIndoor,v_RockClimbingIndoor_g19_c02,393
train,RockClimbingIndoor,v_RockClimbingIndoor_g09_c02,246
train,RockClimbingIndoor,v_RockClimbingIndoor_g09_c03,246
train,RockClimbingIndoor,v_RockClimbingIndoor_g19_c03,407
train,RockClimbingIndoor,v_RockClimbingIndoor_g08_c06,500
test,JumpingJack,v_JumpingJack_g06_c03,79
test,JumpingJack,v_JumpingJack_g06_c02,72
test,JumpingJack,v_JumpingJack_g07_c05,88
test,JumpingJack,v_JumpingJack_g07_c04,87
test,JumpingJack,v_JumpingJack_g06_c01,71
test,JumpingJack,v_JumpingJack_g06_c05,70
test,JumpingJack,v_JumpingJack_g07_c01,88
test,JumpingJack,v_JumpingJack_g06_c04,73
test,JumpingJack,v_JumpingJack_g06_c06,72
test,JumpingJack,v_JumpingJack_g07_c03,84
test,JumpingJack,v_JumpingJack_g07_c02,84
test,JumpingJack,v_JumpingJack_g06_c07,66
test,JumpingJack,v_JumpingJack_g05_c01,81
test,JumpingJack,v_JumpingJack_g04_c04,85
test,JumpingJack,v_JumpingJack_g05_c03,100
test,JumpingJack,v_JumpingJack_g05_c02,82
test,JumpingJack,v_JumpingJack_g04_c03,80
test,JumpingJack,v_JumpingJack_g05_c06,82
test,JumpingJack,v_JumpingJack_g04_c02,78
test,JumpingJack,v_JumpingJack_g05_c05,79
test,JumpingJack,v_JumpingJack_g05_c04,81
test,JumpingJack,v_JumpingJack_g04_c01,54
test,JumpingJack,v_JumpingJack_g01_c01,93
test,JumpingJack,v_JumpingJack_g01_c02,91
test,JumpingJack,v_JumpingJack_g01_c03,92
test,JumpingJack,v_JumpingJack_g01_c07,89
test,JumpingJack,v_JumpingJack_g01_c06,88
test,JumpingJack,v_JumpingJack_g01_c04,89
test,JumpingJack,v_JumpingJack_g01_c05,89
test,JumpingJack,v_JumpingJack_g02_c02,63
test,JumpingJack,v_JumpingJack_g02_c03,101
test,JumpingJack,v_JumpingJack_g02_c01,63
test,JumpingJack,v_JumpingJack_g03_c04,84
test,JumpingJack,v_JumpingJack_g02_c04,94
test,JumpingJack,v_JumpingJack_g03_c01,56
test,JumpingJack,v_JumpingJack_g03_c02,88
test,JumpingJack,v_JumpingJack_g03_c03,85
test,PullUps,v_PullUps_g06_c03,98
test,PullUps,v_PullUps_g06_c02,87
test,PullUps,v_PullUps_g07_c04,93
test,PullUps,v_PullUps_g06_c01,84
test,PullUps,v_PullUps_g07_c01,98
test,PullUps,v_PullUps_g06_c04,170
test,PullUps,v_PullUps_g07_c03,93
test,PullUps,v_PullUps_g07_c02,128
test,PullUps,v_PullUps_g05_c01,174
test,PullUps,v_PullUps_g04_c04,138
test,PullUps,v_PullUps_g05_c03,108
test,PullUps,v_PullUps_g05_c02,121
test,PullUps,v_PullUps_g04_c03,154
test,PullUps,v_PullUps_g04_c02,142
test,PullUps,v_PullUps_g05_c04,144
test,PullUps,v_PullUps_g04_c01,141
test,PullUps,v_PullUps_g01_c01,167
test,PullUps,v_PullUps_g01_c02,138
test,PullUps,v_PullUps_g01_c03,181
test,PullUps,v_PullUps_g01_c04,157
test,PullUps,v_PullUps_g02_c02,176
test,PullUps,v_PullUps_g02_c03,131
test,PullUps,v_PullUps_g02_c01,122
test,PullUps,v_PullUps_g03_c04,249
test,PullUps,v_PullUps_g02_c04,178
test,PullUps,v_PullUps_g03_c01,178
test,PullUps,v_PullUps_g03_c02,208
test,PullUps,v_PullUps_g03_c03,203
test,Swing,v_Swing_g02_c01,136
test,Swing,v_Swing_g03_c04,145
test,Swing,v_Swing_g02_c02,335
test,Swing,v_Swing_g02_c03,300
test,Swing,v_Swing_g03_c02,145
test,Swing,v_Swing_g03_c03,145
test,Swing,v_Swing_g02_c04,335
test,Swing,v_Swing_g03_c01,145
test,Swing,v_Swing_g02_c05,201
test,Swing,v_Swing_g01_c02,168
test,Swing,v_Swing_g01_c03,168
test,Swing,v_Swing_g01_c01,168
test,Swing,v_Swing_g01_c04,126
test,Swing,v_Swing_g01_c05,201
test,Swing,v_Swing_g04_c06,201
test,Swing,v_Swing_g05_c03,109
test,Swing,v_Swing_g05_c02,109
test,Swing,v_Swing_g04_c07,201
test,Swing,v_Swing_g04_c05,151
test,Swing,v_Swing_g05_c01,109
test,Swing,v_Swing_g04_c04,168
test,Swing,v_Swing_g05_c05,201
test,Swing,v_Swing_g05_c04,109
test,Swing,v_Swing_g04_c01,126
test,Swing,v_Swing_g04_c03,168
test,Swing,v_Swing_g05_c06,201
test,Swing,v_Swing_g05_c07,201
test,Swing,v_Swing_g04_c02,126
test,Swing,v_Swing_g07_c05,151
test,Swing,v_Swing_g07_c04,201
test,Swing,v_Swing_g06_c01,126
test,Swing,v_Swing_g06_c03,126
test,Swing,v_Swing_g07_c06,161
test,Swing,v_Swing_g07_c07,151
test,Swing,v_Swing_g06_c02,126
test,Swing,v_Swing_g06_c06,151
test,Swing,v_Swing_g07_c03,251
test,Swing,v_Swing_g07_c02,251
test,Swing,v_Swing_g06_c07,51
test,Swing,v_Swing_g06_c05,151
test,Swing,v_Swing_g07_c01,126
test,Swing,v_Swing_g06_c04,126
test,WallPushups,v_WallPushups_g07_c02,96
test,WallPushups,v_WallPushups_g06_c07,164
test,WallPushups,v_WallPushups_g06_c06,108
test,WallPushups,v_WallPushups_g07_c03,96
test,WallPushups,v_WallPushups_g07_c01,105
test,WallPushups,v_WallPushups_g06_c04,124
test,WallPushups,v_WallPushups_g06_c05,116
test,WallPushups,v_WallPushups_g07_c04,102
test,WallPushups,v_WallPushups_g06_c01,96
test,WallPushups,v_WallPushups_g07_c05,86
test,WallPushups,v_WallPushups_g06_c02,102
test,WallPushups,v_WallPushups_g06_c03,135
test,WallPushups,v_WallPushups_g07_c06,86
test,WallPushups,v_WallPushups_g05_c04,87
test,WallPushups,v_WallPushups_g04_c01,102
test,WallPushups,v_WallPushups_g05_c05,78
test,WallPushups,v_WallPushups_g04_c02,121
test,WallPushups,v_WallPushups_g04_c03,97
test,WallPushups,v_WallPushups_g05_c02,92
test,WallPushups,v_WallPushups_g05_c03,85
test,WallPushups,v_WallPushups_g05_c01,90
test,WallPushups,v_WallPushups_g04_c04,153
test,WallPushups,v_WallPushups_g01_c04,190
test,WallPushups,v_WallPushups_g01_c03,151
test,WallPushups,v_WallPushups_g01_c02,125
test,WallPushups,v_WallPushups_g01_c01,90
test,WallPushups,v_WallPushups_g03_c03,109
test,WallPushups,v_WallPushups_g03_c02,118
test,WallPushups,v_WallPushups_g02_c04,76
test,WallPushups,v_WallPushups_g03_c01,115
test,WallPushups,v_WallPushups_g03_c05,96
test,WallPushups,v_WallPushups_g02_c01,83
test,WallPushups,v_WallPushups_g03_c04,102
test,WallPushups,v_WallPushups_g02_c03,64
test,WallPushups,v_WallPushups_g02_c02,66
test,HandstandPushups,v_HandStandPushups_g01_c02,94
test,HandstandPushups,v_HandStandPushups_g01_c03,102
test,HandstandPushups,v_HandStandPushups_g01_c01,79
test,HandstandPushups,v_HandStandPushups_g01_c04,107
test,HandstandPushups,v_HandStandPushups_g02_c01,55
test,HandstandPushups,v_HandStandPushups_g03_c04,176
test,HandstandPushups,v_HandStandPushups_g02_c02,56
test,HandstandPushups,v_HandStandPushups_g02_c03,106
test,HandstandPushups,v_HandStandPushups_g03_c02,116
test,HandstandPushups,v_HandStandPushups_g03_c03,124
test,HandstandPushups,v_HandStandPushups_g02_c04,133
test,HandstandPushups,v_HandStandPushups_g03_c01,126
test,HandstandPushups,v_HandStandPushups_g07_c04,173
test,HandstandPushups,v_HandStandPushups_g06_c01,89
test,HandstandPushups,v_HandStandPushups_g06_c03,91
test,HandstandPushups,v_HandStandPushups_g06_c02,126
test,HandstandPushups,v_HandStandPushups_g07_c03,154
test,HandstandPushups,v_HandStandPushups_g07_c02,138
test,HandstandPushups,v_HandStandPushups_g07_c01,93
test,HandstandPushups,v_HandStandPushups_g06_c04,73
test,HandstandPushups,v_HandStandPushups_g05_c03,81
test,HandstandPushups,v_HandStandPushups_g05_c02,114
test,HandstandPushups,v_HandStandPushups_g05_c01,115
test,HandstandPushups,v_HandStandPushups_g04_c04,223
test,HandstandPushups,v_HandStandPushups_g05_c04,161
test,HandstandPushups,v_HandStandPushups_g04_c01,116
test,HandstandPushups,v_HandStandPushups_g04_c03,161
test,HandstandPushups,v_HandStandPushups_g04_c02,109
test,Lunges,v_Lunges_g01_c04,271
test,Lunges,v_Lunges_g01_c05,253
test,Lunges,v_Lunges_g01_c07,235
test,Lunges,v_Lunges_g01_c06,262
test,Lunges,v_Lunges_g01_c02,235
test,Lunges,v_Lunges_g01_c03,226
test,Lunges,v_Lunges_g01_c01,262
test,Lunges,v_Lunges_g03_c02,248
test,Lunges,v_Lunges_g03_c03,235
test,Lunges,v_Lunges_g03_c01,254
test,Lunges,v_Lunges_g02_c04,177
test,Lunges,v_Lunges_g03_c04,252
test,Lunges,v_Lunges_g02_c01,165
test,Lunges,v_Lunges_g02_c02,168
test,Lunges,v_Lunges_g02_c03,158
test,Lunges,v_Lunges_g07_c03,246
test,Lunges,v_Lunges_g06_c06,255
test,Lunges,v_Lunges_g06_c07,262
test,Lunges,v_Lunges_g07_c02,246
test,Lunges,v_Lunges_g06_c05,255
test,Lunges,v_Lunges_g06_c04,266
test,Lunges,v_Lunges_g07_c01,249
test,Lunges,v_Lunges_g07_c05,238
test,Lunges,v_Lunges_g06_c01,255
test,Lunges,v_Lunges_g07_c04,265
test,Lunges,v_Lunges_g07_c06,251
test,Lunges,v_Lunges_g06_c03,256
test,Lunges,v_Lunges_g06_c02,235
test,Lunges,v_Lunges_g07_c07,254
test,Lunges,v_Lunges_g04_c01,262
test,Lunges,v_Lunges_g05_c04,198
test,Lunges,v_Lunges_g04_c03,248
test,Lunges,v_Lunges_g04_c02,260
test,Lunges,v_Lunges_g05_c03,217
test,Lunges,v_Lunges_g05_c02,255
test,Lunges,v_Lunges_g04_c04,184
test,Lunges,v_Lunges_g05_c01,239
test,HandstandWalking,v_HandstandWalking_g02_c01,104
test,HandstandWalking,v_HandstandWalking_g03_c04,134
test,HandstandWalking,v_HandstandWalking_g02_c03,120
test,HandstandWalking,v_HandstandWalking_g02_c02,104
test,HandstandWalking,v_HandstandWalking_g03_c03,105
test,HandstandWalking,v_HandstandWalking_g03_c02,106
test,HandstandWalking,v_HandstandWalking_g02_c04,119
test,HandstandWalking,v_HandstandWalking_g03_c01,104
test,HandstandWalking,v_HandstandWalking_g01_c03,106
test,HandstandWalking,v_HandstandWalking_g01_c02,104
test,HandstandWalking,v_HandstandWalking_g01_c01,109
test,HandstandWalking,v_HandstandWalking_g01_c04,140
test,HandstandWalking,v_HandstandWalking_g05_c02,250
test,HandstandWalking,v_HandstandWalking_g05_c03,222
test,HandstandWalking,v_HandstandWalking_g05_c01,224
test,HandstandWalking,v_HandstandWalking_g04_c04,128
test,HandstandWalking,v_HandstandWalking_g04_c05,123
test,HandstandWalking,v_HandstandWalking_g05_c04,253
test,HandstandWalking,v_HandstandWalking_g04_c01,108
test,HandstandWalking,v_HandstandWalking_g05_c05,287
test,HandstandWalking,v_HandstandWalking_g05_c07,251
test,HandstandWalking,v_HandstandWalking_g04_c02,120
test,HandstandWalking,v_HandstandWalking_g04_c03,122
test,HandstandWalking,v_HandstandWalking_g05_c06,190
test,HandstandWalking,v_HandstandWalking_g07_c04,193
test,HandstandWalking,v_HandstandWalking_g06_c01,67
test,HandstandWalking,v_HandstandWalking_g07_c05,199
test,HandstandWalking,v_HandstandWalking_g06_c02,68
test,HandstandWalking,v_HandstandWalking_g06_c03,72
test,HandstandWalking,v_HandstandWalking_g07_c06,201
test,HandstandWalking,v_HandstandWalking_g07_c02,192
test,HandstandWalking,v_HandstandWalking_g07_c03,187
test,HandstandWalking,v_HandstandWalking_g07_c01,224
test,HandstandWalking,v_HandstandWalking_g06_c04,76
test,BabyCrawling,v_BabyCrawling_g05_c02,197
test,BabyCrawling,v_BabyCrawling_g05_c03,271
test,BabyCrawling,v_BabyCrawling_g04_c04,205
test,BabyCrawling,v_BabyCrawling_g05_c01,221
test,BabyCrawling,v_BabyCrawling_g04_c01,128
test,BabyCrawling,v_BabyCrawling_g05_c04,230
test,BabyCrawling,v_BabyCrawling_g05_c05,159
test,BabyCrawling,v_BabyCrawling_g04_c02,179
test,BabyCrawling,v_BabyCrawling_g04_c03,160
test,BabyCrawling,v_BabyCrawling_g06_c01,199
test,BabyCrawling,v_BabyCrawling_g07_c04,216
test,BabyCrawling,v_BabyCrawling_g07_c05,142
test,BabyCrawling,v_BabyCrawling_g06_c02,168
test,BabyCrawling,v_BabyCrawling_g07_c06,211
test,BabyCrawling,v_BabyCrawling_g06_c03,202
test,BabyCrawling,v_BabyCrawling_g07_c02,146
test,BabyCrawling,v_BabyCrawling_g07_c03,172
test,BabyCrawling,v_BabyCrawling_g06_c06,330
test,BabyCrawling,v_BabyCrawling_g06_c04,114
test,BabyCrawling,v_BabyCrawling_g07_c01,204
test,BabyCrawling,v_BabyCrawling_g06_c05,259
test,BabyCrawling,v_BabyCrawling_g03_c04,207
test,BabyCrawling,v_BabyCrawling_g02_c01,110
test,BabyCrawling,v_BabyCrawling_g02_c03,118
test,BabyCrawling,v_BabyCrawling_g02_c02,113
test,BabyCrawling,v_BabyCrawling_g02_c06,191
test,BabyCrawling,v_BabyCrawling_g03_c03,198
test,BabyCrawling,v_BabyCrawling_g03_c02,181
test,BabyCrawling,v_BabyCrawling_g02_c05,85
test,BabyCrawling,v_BabyCrawling_g03_c01,215
test,BabyCrawling,v_BabyCrawling_g02_c04,106
test,BabyCrawling,v_BabyCrawling_g01_c03,156
test,BabyCrawling,v_BabyCrawling_g01_c02,165
test,BabyCrawling,v_BabyCrawling_g01_c01,165
test,BabyCrawling,v_BabyCrawling_g01_c04,219
test,PushUps,v_PushUps_g01_c05,63
test,PushUps,v_PushUps_g01_c04,104
test,PushUps,v_PushUps_g01_c03,51
test,PushUps,v_PushUps_g01_c02,53
test,PushUps,v_PushUps_g01_c01,56
test,PushUps,v_PushUps_g03_c03,63
test,PushUps,v_PushUps_g03_c02,63
test,PushUps,v_PushUps_g02_c04,84
test,PushUps,v_PushUps_g03_c01,72
test,PushUps,v_PushUps_g02_c01,67
test,PushUps,v_PushUps_g03_c04,72
test,PushUps,v_PushUps_g02_c03,79
test,PushUps,v_PushUps_g02_c02,73
test,PushUps,v_PushUps_g07_c02,77
test,PushUps,v_PushUps_g07_c03,78
test,PushUps,v_PushUps_g07_c01,74
test,PushUps,v_PushUps_g06_c04,68
test,PushUps,v_PushUps_g07_c04,77
test,PushUps,v_PushUps_g06_c01,85
test,PushUps,v_PushUps_g06_c02,81
test,PushUps,v_PushUps_g06_c03,86
test,PushUps,v_PushUps_g05_c04,150
test,PushUps,v_PushUps_g04_c01,91
test,PushUps,v_PushUps_g04_c02,97
test,PushUps,v_PushUps_g04_c03,111
test,PushUps,v_PushUps_g05_c02,150
test,PushUps,v_PushUps_g05_c03,150
test,PushUps,v_PushUps_g05_c01,150
test,PushUps,v_PushUps_g04_c04,130
test,PushUps,v_PushUps_g04_c05,134
test,RopeClimbing,v_RopeClimbing_g03_c03,166
test,RopeClimbing,v_RopeClimbing_g02_c06,186
test,RopeClimbing,v_RopeClimbing_g03_c02,152
test,RopeClimbing,v_RopeClimbing_g02_c05,154
test,RopeClimbing,v_RopeClimbing_g02_c04,151
test,RopeClimbing,v_RopeClimbing_g03_c01,153
test,RopeClimbing,v_RopeClimbing_g02_c01,152
test,RopeClimbing,v_RopeClimbing_g03_c04,152
test,RopeClimbing,v_RopeClimbing_g02_c03,170
test,RopeClimbing,v_RopeClimbing_g02_c02,151
test,RopeClimbing,v_RopeClimbing_g01_c04,188
test,RopeClimbing,v_RopeClimbing_g01_c03,159
test,RopeClimbing,v_RopeClimbing_g01_c02,170
test,RopeClimbing,v_RopeClimbing_g01_c01,161
test,RopeClimbing,v_RopeClimbing_g05_c04,166
test,RopeClimbing,v_RopeClimbing_g04_c01,155
test,RopeClimbing,v_RopeClimbing_g05_c05,175
test,RopeClimbing,v_RopeClimbing_g05_c07,157
test,RopeClimbing,v_RopeClimbing_g04_c02,158
test,RopeClimbing,v_RopeClimbing_g04_c03,155
test,RopeClimbing,v_RopeClimbing_g05_c06,188
test,RopeClimbing,v_RopeClimbing_g05_c02,160
test,RopeClimbing,v_RopeClimbing_g05_c03,166
test,RopeClimbing,v_RopeClimbing_g05_c01,156
test,RopeClimbing,v_RopeClimbing_g04_c04,155
test,RopeClimbing,v_RopeClimbing_g07_c02,206
test,RopeClimbing,v_RopeClimbing_g07_c03,197
test,RopeClimbing,v_RopeClimbing_g07_c01,197
test,RopeClimbing,v_RopeClimbing_g06_c04,189
test,RopeClimbing,v_RopeClimbing_g07_c04,181
test,RopeClimbing,v_RopeClimbing_g06_c01,152
test,RopeClimbing,v_RopeClimbing_g07_c05,195
test,RopeClimbing,v_RopeClimbing_g06_c02,161
test,RopeClimbing,v_RopeClimbing_g06_c03,159
test,BodyWeightSquats,v_BodyWeightSquats_g06_c04,95
test,BodyWeightSquats,v_BodyWeightSquats_g07_c01,123
test,BodyWeightSquats,v_BodyWeightSquats_g06_c05,177
test,BodyWeightSquats,v_BodyWeightSquats_g07_c02,103
test,BodyWeightSquats,v_BodyWeightSquats_g07_c03,83
test,BodyWeightSquats,v_BodyWeightSquats_g06_c02,122
test,BodyWeightSquats,v_BodyWeightSquats_g06_c03,152
test,BodyWeightSquats,v_BodyWeightSquats_g06_c01,179
test,BodyWeightSquats,v_BodyWeightSquats_g07_c04,54
test,BodyWeightSquats,v_BodyWeightSquats_g04_c02,59
test,BodyWeightSquats,v_BodyWeightSquats_g04_c03,88
test,BodyWeightSquats,v_BodyWeightSquats_g04_c01,130
test,BodyWeightSquats,v_BodyWeightSquats_g05_c04,260
test,BodyWeightSquats,v_BodyWeightSquats_g04_c04,63
test,BodyWeightSquats,v_BodyWeightSquats_g05_c01,72
test,BodyWeightSquats,v_BodyWeightSquats_g05_c02,136
test,BodyWeightSquats,v_BodyWeightSquats_g05_c03,55
test,BodyWeightSquats,v_BodyWeightSquats_g01_c04,174
test,BodyWeightSquats,v_BodyWeightSquats_g01_c01,267
test,BodyWeightSquats,v_BodyWeightSquats_g01_c03,250
test,BodyWeightSquats,v_BodyWeightSquats_g01_c02,252
test,BodyWeightSquats,v_BodyWeightSquats_g03_c01,132
test,BodyWeightSquats,v_BodyWeightSquats_g02_c04,121
test,BodyWeightSquats,v_BodyWeightSquats_g03_c03,48
test,BodyWeightSquats,v_BodyWeightSquats_g03_c02,52
test,BodyWeightSquats,v_BodyWeightSquats_g02_c03,117
test,BodyWeightSquats,v_BodyWeightSquats_g02_c02,57
test,BodyWeightSquats,v_BodyWeightSquats_g03_c05,75
test,BodyWeightSquats,v_BodyWeightSquats_g03_c04,101
test,BodyWeightSquats,v_BodyWeightSquats_g02_c01,102
test,TaiChi,v_TaiChi_g04_c01,180
test,TaiChi,v_TaiChi_g05_c04,169
test,TaiChi,v_TaiChi_g04_c02,180
test,TaiChi,v_TaiChi_g04_c03,180
test,TaiChi,v_TaiChi_g05_c02,171
test,TaiChi,v_TaiChi_g05_c03,170
test,TaiChi,v_TaiChi_g04_c04,174
test,TaiChi,v_TaiChi_g05_c01,169
test,TaiChi,v_TaiChi_g07_c02,177
test,TaiChi,v_TaiChi_g07_c03,171
test,TaiChi,v_TaiChi_g06_c04,177
test,TaiChi,v_TaiChi_g07_c01,192
test,TaiChi,v_TaiChi_g06_c01,183
test,TaiChi,v_TaiChi_g07_c04,171
test,TaiChi,v_TaiChi_g06_c02,172
test,TaiChi,v_TaiChi_g06_c03,179
test,TaiChi,v_TaiChi_g03_c03,175
test,TaiChi,v_TaiChi_g03_c02,170
test,TaiChi,v_TaiChi_g03_c01,180
test,TaiChi,v_TaiChi_g02_c04,171
test,TaiChi,v_TaiChi_g03_c04,171
test,TaiChi,v_TaiChi_g02_c01,176
test,TaiChi,v_TaiChi_g02_c03,176
test,TaiChi,v_TaiChi_g02_c02,171
test,TaiChi,v_TaiChi_g01_c04,168
test,TaiChi,v_TaiChi_g01_c03,169
test,TaiChi,v_TaiChi_g01_c02,168
test,TaiChi,v_TaiChi_g01_c01,168
test,TrampolineJumping,v_TrampolineJumping_g06_c03,450
test,TrampolineJumping,v_TrampolineJumping_g06_c02,450
test,TrampolineJumping,v_TrampolineJumping_g07_c05,240
test,TrampolineJumping,v_TrampolineJumping_g06_c01,201
test,TrampolineJumping,v_TrampolineJumping_g07_c04,201
test,TrampolineJumping,v_TrampolineJumping_g06_c04,330
test,TrampolineJumping,v_TrampolineJumping_g07_c01,201
test,TrampolineJumping,v_TrampolineJumping_g07_c03,201
test,TrampolineJumping,v_TrampolineJumping_g07_c02,401
test,TrampolineJumping,v_TrampolineJumping_g04_c05,240
test,TrampolineJumping,v_TrampolineJumping_g04_c04,250
test,TrampolineJumping,v_TrampolineJumping_g05_c01,151
test,TrampolineJumping,v_TrampolineJumping_g05_c03,151
test,TrampolineJumping,v_TrampolineJumping_g05_c02,151
test,TrampolineJumping,v_TrampolineJumping_g04_c03,250
test,TrampolineJumping,v_TrampolineJumping_g04_c02,250
test,TrampolineJumping,v_TrampolineJumping_g04_c01,250
test,TrampolineJumping,v_TrampolineJumping_g05_c04,151
test,TrampolineJumping,v_TrampolineJumping_g01_c01,240
test,TrampolineJumping,v_TrampolineJumping_g01_c02,240
test,TrampolineJumping,v_TrampolineJumping_g01_c03,106
test,TrampolineJumping,v_TrampolineJumping_g01_c04,106
test,TrampolineJumping,v_TrampolineJumping_g02_c02,201
test,TrampolineJumping,v_TrampolineJumping_g02_c03,201
test,TrampolineJumping,v_TrampolineJumping_g03_c04,201
test,TrampolineJumping,v_TrampolineJumping_g02_c01,201
test,TrampolineJumping,v_TrampolineJumping_g03_c01,201
test,TrampolineJumping,v_TrampolineJumping_g02_c04,201
test,TrampolineJumping,v_TrampolineJumping_g02_c05,240
test,TrampolineJumping,v_TrampolineJumping_g03_c02,201
test,TrampolineJumping,v_TrampolineJumping_g02_c06,240
test,TrampolineJumping,v_TrampolineJumping_g03_c03,256
test,RockClimbingIndoor,v_RockClimbingIndoor_g04_c04,834
test,RockClimbingIndoor,v_RockClimbingIndoor_g05_c01,353
test,RockClimbingIndoor,v_RockClimbingIndoor_g05_c03,370
test,RockClimbingIndoor,v_RockClimbingIndoor_g05_c02,344
test,RockClimbingIndoor,v_RockClimbingIndoor_g05_c06,332
test,RockClimbingIndoor,v_RockClimbingIndoor_g04_c03,841
test,RockClimbingIndoor,v_RockClimbingIndoor_g04_c02,814
test,RockClimbingIndoor,v_RockClimbingIndoor_g05_c05,328
test,RockClimbingIndoor,v_RockClimbingIndoor_g04_c01,844
test,RockClimbingIndoor,v_RockClimbingIndoor_g05_c04,382
test,RockClimbingIndoor,v_RockClimbingIndoor_g07_c06,411
test,RockClimbingIndoor,v_RockClimbingIndoor_g06_c03,312
test,RockClimbingIndoor,v_RockClimbingIndoor_g06_c02,308
test,RockClimbingIndoor,v_RockClimbingIndoor_g07_c07,428
test,RockClimbingIndoor,v_RockClimbingIndoor_g07_c05,442
test,RockClimbingIndoor,v_RockClimbingIndoor_g06_c01,312
test,RockClimbingIndoor,v_RockClimbingIndoor_g07_c04,398
test,RockClimbingIndoor,v_RockClimbingIndoor_g06_c05,559
test,RockClimbingIndoor,v_RockClimbingIndoor_g06_c04,313
test,RockClimbingIndoor,v_RockClimbingIndoor_g07_c01,418
test,RockClimbingIndoor,v_RockClimbingIndoor_g07_c03,458
test,RockClimbingIndoor,v_RockClimbingIndoor_g06_c06,502
test,RockClimbingIndoor,v_RockClimbingIndoor_g06_c07,407
test,RockClimbingIndoor,v_RockClimbingIndoor_g07_c02,443
test,RockClimbingIndoor,v_RockClimbingIndoor_g03_c07,412
test,RockClimbingIndoor,v_RockClimbingIndoor_g02_c02,354
test,RockClimbingIndoor,v_RockClimbingIndoor_g02_c03,300
test,RockClimbingIndoor,v_RockClimbingIndoor_g03_c06,413
test,RockClimbingIndoor,v_RockClimbingIndoor_g03_c04,300
test,RockClimbingIndoor,v_RockClimbingIndoor_g02_c01,320
test,RockClimbingIndoor,v_RockClimbingIndoor_g03_c05,293
test,RockClimbingIndoor,v_RockClimbingIndoor_g03_c01,344
test,RockClimbingIndoor,v_RockClimbingIndoor_g02_c04,290
test,RockClimbingIndoor,v_RockClimbingIndoor_g02_c05,310
test,RockClimbingIndoor,v_RockClimbingIndoor_g03_c02,298
test,RockClimbingIndoor,v_RockClimbingIndoor_g03_c03,300
test,RockClimbingIndoor,v_RockClimbingIndoor_g01_c01,529
test,RockClimbingIndoor,v_RockClimbingIndoor_g01_c02,535
test,RockClimbingIndoor,v_RockClimbingIndoor_g01_c03,504
test,RockClimbingIndoor,v_RockClimbingIndoor_g01_c04,544
test,RockClimbingIndoor,v_RockClimbingIndoor_g01_c05,464
